HUC10,Column 1,geom,hydrocode,drainage_area_sqmi,qmean_annual,x_value,y_value,tstime,ratio
207000409,26,POINT (-78.085555555556 39.179166666667),1AABR000.78,17.2158,23.98,23.98,3,10/2/2008,0.717923269
207000409,2,POINT (-78.087226857 39.2713877611),DGIF002419,4.876,4.555,4.555,3,12/6/1990,1.070472009
207000409,11,POINT (-78.05046512 39.2456875811),DGIF005178,1.4609,1.2,1.2,7,6/1/1993,1.217416667
207000409,13,POINT (-78.156281326 39.217979536),DGIF005179,3.2848,3.124,3.124,2,6/2/1993,1.051472471
207000409,8,POINT (-78.168819081 39.1136723482),DGIF006408,3.5611,3.375,3.375,11,6/17/1992,1.055140741
207000409,9,POINT (-78.155475854 39.1389239651),DGIF006409,5.8049,5.369,5.369,9,6/17/1992,1.081188303
207000409,3,POINT (-78.116899374 39.1487860922),DGIF006410,3.5194,3.224,3.224,6,6/17/1992,1.09162531
207000409,10,POINT (-78.07957562 39.1806843922),DGIF006411,18.8591,25.455,25.455,10,6/17/1992,0.740879984
207000409,4,POINT (-78.089592276 39.1875837881),DGIF006412,7.1872,6.719,6.719,5,6/17/1992,1.069682989
207000409,5,POINT (-78.109896821 39.2064858101),DGIF006413,1.0675,0.871,0.871,5,6/17/1992,1.225602756
207000409,6,POINT (-78.089078118 39.2134894221),DGIF006414,10.0654,9.361,9.361,10,6/17/1992,1.075248371
207000409,7,POINT (-78.162418705 39.220291472),DGIF006415,3.2848,3.124,3.124,3,6/17/1992,1.051472471
207000409,15,POINT (-78.162918337 39.1105828032),DGIF007694,21.5136,21.005,21.005,16,7/19/1994,1.024213283
207000409,16,POINT (-78.246923616 39.1572480761),DGIF007695,2.5617,2.38,2.38,5,7/19/1994,1.076344538
207000409,19,POINT (-78.071453906 39.1934170751),DGIF007696,84.6459,88.645,88.645,26,7/26/1994,0.954886344
207000409,17,POINT (-78.102092043 39.1253466011),DGIF007698,47.2512,44.861,44.861,16,7/20/1994,1.053280132
207000409,22,POINT (-78.040203121 39.2483818721),DGIF007699,133.5425,132.972,132.972,33,8/10/1994,1.004290377
207000409,18,POINT (-78.074569777 39.1808199672),DGIF007701,58.1795,56.282,56.282,27,7/20/1994,1.033714154
207000409,20,POINT (-78.076324212 39.1876387021),DGIF007702,84.6459,88.645,88.645,28,7/26/1994,0.954886344
207000409,23,POINT (-78.074027971 39.193319645),DGIF009360,84.6459,88.645,88.645,3,12/4/1995,0.954886344
207000409,1,POINT (-78.069455862 39.2052764642),DGIF011504,98.1571,100.833,100.833,24,9/5/1989,0.973462061
207000409,24,POINT (-78.156539718 39.1084632901),DGIF067736,22.4334,21.852,21.852,15,3/27/1999,1.02660626
207000409,25,POINT (-78.045000329 39.2530532061),DGIF067873,6.258,5.811,5.811,3,8/22/2001,1.076923077
207000409,12,POINT (-78.04718 39.24414),VA536S,1.4609,1.2,1.2,9,6/1/1993,1.217416667
207000409,14,POINT (-78.15602 39.21733),VA537S,3.2848,3.124,3.124,3,6/2/1993,1.051472471
207001004,230,POINT (-77.241731 38.875346),1ALOE001.99,2.4192,2.59,2.59,11,10/19/2006,0.934054054
207001004,89,POINT (-77.1676337177 38.713580885),A15001,48.9248,57.436,57.436,21,7/23/1999,0.851814193
207001004,68,POINT (-77.1838231398 38.7322123795),A15002,4.688,4.989,4.989,9,4/21/1999,0.939667268
207001004,19,POINT (-77.2035063401 38.7224136412),A15003,40.988,49.116,49.116,16,5/23/1984,0.834514211
207001004,101,POINT (-77.2048299204 38.7578196738),A15004,37.9791,45.959,45.959,17,8/11/1999,0.826369155
207001004,78,POINT (-77.2359467843 38.8131546021),A15008,3.8287,4.445,4.445,10,6/21/1999,0.861349831
207001004,118,POINT (-77.2328218037 38.8434622056),A15200,19.0068,22.738,22.738,15,8/31/1999,0.835904653
207001004,111,POINT (-77.2078101357 38.7767960127),A15201,33.5222,41.156,41.156,20,8/25/1999,0.814515502
207001004,112,POINT (-77.2280217939 38.815437268),A15202,24.045,30.539,30.539,14,8/25/1999,0.787353875
207001004,70,POINT (-77.2495475163 38.8564934785),A15203,2.4192,2.59,2.59,8,6/10/1999,0.934054054
207001004,109,POINT (-77.2587881255 38.860148879),A15204,9.9362,11.844,11.844,13,8/23/1999,0.838922661
207001004,138,POINT (-77.254116511 38.8665994664),A15205,2.2681,2.438,2.438,10,9/7/2000,0.930311731
207001004,75,POINT (-77.2792123827 38.8529740719),A15206,1.9004,2.059,2.059,4,6/21/1999,0.922972317
207001004,72,POINT (-77.2878551867 38.864679874),A15207,4.0201,4.794,4.794,8,6/10/1999,0.838569045
207001004,103,POINT (-77.2114155822 38.7022256054),A16001,31.9296,35.672,35.672,24,8/11/1999,0.895088585
207001004,93,POINT (-77.2764996833 38.745132825),A16002,5.4445,6.138,6.138,10,7/28/1999,0.887015314
207001004,114,POINT (-77.2477995894 38.7765212079),A16005,15.9471,18.139,18.139,12,8/30/1999,0.879160924
207001004,22,POINT (-77.1926723365 38.6851491816),A16007,35.5727,39.477,39.477,20,10/10/1990,0.901099374
207001004,86,POINT (-77.2185133666 38.7301231259),A16009,21.2151,23.91,23.91,14,7/20/1999,0.887289837
207001004,98,POINT (-77.2749853754 38.7935432915),A16010,10.2222,11.803,11.803,20,8/10/1999,0.866067949
207001004,80,POINT (-77.28680294 38.7984768741),A16011,3.919,4.58,4.58,17,6/23/1999,0.855676856
207001004,106,POINT (-77.293075369 38.79646495),A16012,3.6504,4.219,4.219,14,8/20/1999,0.865228727
207001004,134,POINT (-77.2909103153 38.8208663931),A16014,2.9412,3.452,3.452,8,8/10/2000,0.85202781
207001004,96,POINT (-77.2424230979 38.7525552677),A16015,3.9663,4.423,4.423,11,8/3/1999,0.896744291
207001004,90,POINT (-77.2237509113 38.7324646032),A16016,8.2967,9.249,9.249,13,7/28/1999,0.897037518
207001004,94,POINT (-77.3105032312 38.7703816111),A16017,1.236,1.278,1.278,4,8/3/1999,0.96713615
207001004,20,POINT (-77.171624326 38.6793475471),DGIF006481,36.7903,40.739,40.739,3,6/28/1990,0.903073222
207001004,25,POINT (-77.230648473 38.8109421452),DGIF006992,24.045,30.539,30.539,3,8/13/1993,0.787353875
207001004,31,POINT (-77.264405976 38.8689473751),DGIF007680,1.8966,2.046,2.046,6,12/11/1994,0.926979472
207001004,28,POINT (-77.2301444796 38.8116811654),DGIF007704,24.045,30.539,30.539,15,7/19/1994,0.787353875
207001004,37,POINT (-77.230467067 38.8111074291),DGIF008236,24.045,30.539,30.539,11,8/14/1995,0.787353875
207001004,12,POINT (-77.206955762 38.7619386091),DGIF010031,37.9791,45.959,45.959,14,4/26/1979,0.826369155
207001004,15,POINT (-77.203890024 38.7752692572),DGIF010034,33.5222,41.156,41.156,11,8/14/1979,0.814515502
207001004,17,POINT (-77.204178323 38.7247188972),DGIF010035,40.988,49.116,49.116,16,5/23/1984,0.834514211
207001004,16,POINT (-77.208615644 38.7008306642),DGIF010046,31.9296,35.672,35.672,11,5/12/1982,0.895088585
207001004,18,POINT (-77.218059179 38.7144322651),DGIF010047,31.9296,35.672,35.672,20,5/23/1984,0.895088585
207001004,13,POINT (-77.226950033 38.7558309772),DGIF010048,15.9471,18.139,18.139,12,4/26/1979,0.879160924
207001004,14,POINT (-77.232505422 38.7630544342),DGIF010050,15.9471,18.139,18.139,13,7/12/1979,0.879160924
207001004,7,POINT (-77.282230794 38.7474982051),DGIF010053,5.4445,6.138,6.138,9,2/9/1979,0.887015314
207001004,11,POINT (-77.252780527 38.7363867531),DGIF010054,8.2967,9.249,9.249,10,4/25/1979,0.897037518
207001004,24,POINT (-77.160564803 38.6908294081),DGIF011596,52.8306,61.451,61.451,17,10/10/1990,0.859719126
207001004,23,POINT (-77.192774982 38.6872181161),DGIF011597,34.1984,38.046,38.046,18,10/10/1990,0.898869789
207001004,21,POINT (-77.301112241 38.796100676),DGIF011598,3.6504,4.219,4.219,17,8/7/1990,0.865228727
207001004,49,POINT (-77.206429571 38.7840081391),DGIF055716,32.0725,39.57,39.57,15,8/13/1998,0.810525651
207001004,71,POINT (-77.287779108 38.8652709582),DGIF059627,4.0201,4.794,4.794,8,6/10/1999,0.838569045
207001004,108,POINT (-77.25860795 38.8599970761),DGIF059628,9.9362,11.844,11.844,13,8/23/1999,0.838922661
207001004,117,POINT (-77.232773154 38.8433300752),DGIF059629,19.0068,22.738,22.738,15,8/31/1999,0.835904653
207001004,110,POINT (-77.228048301 38.8152718371),DGIF059631,24.045,30.539,30.539,14,8/25/1999,0.787353875
207001004,113,POINT (-77.20776315 38.7766562513),DGIF059632,33.5222,41.156,41.156,20,8/25/1999,0.814515502
207001004,102,POINT (-77.205267293 38.7577672432),DGIF059633,37.9791,45.959,45.959,18,8/11/1999,0.826369155
207001004,88,POINT (-77.167506957 38.7136124301),DGIF059634,48.9248,57.436,57.436,21,7/23/1999,0.851814193
207001004,69,POINT (-77.279441772 38.8530520781),DGIF059636,1.9004,2.059,2.059,4,6/2/1999,0.922972317
207001004,77,POINT (-77.183887028 38.7322182262),DGIF059637,4.688,4.989,4.989,9,6/21/1999,0.939667268
207001004,76,POINT (-77.236109023 38.8130550831),DGIF059638,3.8287,4.445,4.445,10,6/21/1999,0.861349831
207001004,73,POINT (-77.249440709 38.8566580502),DGIF059639,2.4192,2.59,2.59,8,6/10/1999,0.934054054
207001004,95,POINT (-77.242505045 38.7524955133),DGIF059712,3.9663,4.423,4.423,11,8/3/1999,0.896744291
207001004,99,POINT (-77.275264008 38.7936119929),DGIF059713,10.2222,11.803,11.803,20,8/10/1999,0.866067949
207001004,115,POINT (-77.247492118 38.7769407092),DGIF059714,15.9471,18.139,18.139,12,8/30/1999,0.879160924
207001004,87,POINT (-77.220555124 38.7325014171),DGIF059715,21.2151,23.91,23.91,14,7/20/1999,0.887289837
207001004,100,POINT (-77.211381472 38.7022175461),DGIF059716,31.9296,35.672,35.672,24,8/11/1999,0.895088585
207001004,85,POINT (-77.291104233 38.820824554),DGIF059717,2.9412,3.452,3.452,7,7/13/1999,0.85202781
207001004,79,POINT (-77.287215761 38.7986138762),DGIF059718,3.919,4.58,4.58,17,6/23/1999,0.855676856
207001004,107,POINT (-77.293052474 38.796376363),DGIF059719,3.6504,4.219,4.219,14,8/20/1999,0.865228727
207001004,91,POINT (-77.223614467 38.7324923361),DGIF059720,8.2967,9.249,9.249,13,7/28/1999,0.897037518
207001004,92,POINT (-77.276653329 38.7452666531),DGIF059721,5.4445,6.138,6.138,10,7/28/1999,0.887015314
207001004,97,POINT (-77.309990327 38.77194356),DGIF059722,1.236,1.278,1.278,6,8/3/1999,0.96713615
207001004,33,POINT (-77.189902241 38.6891601441),DGIF062613,35.5727,39.477,39.477,1,7/24/1995,0.901099374
207001004,39,POINT (-77.189892201 38.6891327931),DGIF062618,35.5727,39.477,39.477,1,9/1/1995,0.901099374
207001004,32,POINT (-77.189756441 38.6890923332),DGIF062621,35.5727,39.477,39.477,1,7/8/1995,0.901099374
207001004,36,POINT (-77.189767436 38.6891017002),DGIF062625,35.5727,39.477,39.477,1,8/6/1995,0.901099374
207001004,38,POINT (-77.18989842 38.6892320802),DGIF062633,35.5727,39.477,39.477,1,8/20/1995,0.901099374
207001004,35,POINT (-77.197418426 38.6939269881),DGIF062634,34.1984,38.046,38.046,1,8/6/1995,0.898869789
207001004,40,POINT (-77.230338852 38.8113554991),DGIF063452,24.045,30.539,30.539,14,7/22/1997,0.787353875
207001004,129,POINT (-77.170264987 38.681780064),DGIF064845,36.7903,40.739,40.739,3,5/23/2000,0.903073222
207001004,120,POINT (-77.195696405 38.7201011241),DGIF065533,40.988,49.116,49.116,11,3/1/2000,0.834514211
207001004,124,POINT (-77.169047315 38.7095285131),DGIF065534,48.9248,57.436,57.436,19,4/1/2000,0.851814193
207001004,125,POINT (-77.161247638 38.7021203201),DGIF065535,50.7703,59.344,59.344,19,4/1/2000,0.855525411
207001004,126,POINT (-77.159104008 38.7249650111),DGIF065539,1.1519,1.09,1.09,2,4/1/2000,1.056788991
207001004,144,POINT (-77.156317999 38.7160279152),DGIF065540,1.1519,1.09,1.09,5,4/1/2001,1.056788991
207001004,127,POINT (-77.179912558 38.6894282641),DGIF065541,0.5536,0.523,0.523,7,4/1/2000,1.058508604
207001004,142,POINT (-77.154683421 38.695707122),DGIF065542,52.8306,61.451,61.451,4,4/1/2001,0.859719126
207001004,141,POINT (-77.151506343 38.6936568181),DGIF065550,52.8306,61.451,61.451,3,4/1/2001,0.859719126
207001004,140,POINT (-77.204112433 38.7561173272),DGIF065551,37.9791,45.959,45.959,9,4/1/2001,0.826369155
207001004,81,POINT (-77.161190506 38.7014698972),DGIF065667,50.7703,59.344,59.344,5,6/29/1999,0.855525411
207001004,82,POINT (-77.161865383 38.7006723962),DGIF065668,50.7703,59.344,59.344,4,7/6/1999,0.855525411
207001004,83,POINT (-77.160941523 38.6986063141),DGIF065670,52.8306,61.451,61.451,6,7/13/1999,0.859719126
207001004,104,POINT (-77.163074256 38.6984872613),DGIF065672,52.8306,61.451,61.451,3,8/18/1999,0.859719126
207001004,105,POINT (-77.163142439 38.7004351353),DGIF065673,50.7703,59.344,59.344,3,8/19/1999,0.855525411
207001004,130,POINT (-77.155767057 38.6859966291),DGIF065800,52.8306,61.451,61.451,4,7/11/2000,0.859719126
207001004,131,POINT (-77.15625067 38.6851208011),DGIF065801,52.8306,61.451,61.451,6,7/19/2000,0.859719126
207001004,132,POINT (-77.156967856 38.6846039531),DGIF065802,52.8306,61.451,61.451,9,7/20/2000,0.859719126
207001004,133,POINT (-77.157571282 38.6840653422),DGIF065803,52.8306,61.451,61.451,8,7/29/2000,0.859719126
207001004,48,POINT (-77.198855566 38.7476682502),DGIF067405,37.9791,45.959,45.959,15,6/1/1998,0.826369155
207001004,47,POINT (-77.192241202 38.7202136681),DGIF067406,40.988,49.116,49.116,13,6/1/1998,0.834514211
207001004,46,POINT (-77.169447262 38.7087129391),DGIF067411,48.9248,57.436,57.436,19,6/1/1998,0.851814193
207001004,45,POINT (-77.160383657 38.7060192042),DGIF067412,50.7703,59.344,59.344,21,6/1/1998,0.855525411
207001004,51,POINT (-77.158568716 38.7263705871),DGIF067430,1.1519,1.09,1.09,3,9/1/1998,1.056788991
207001004,41,POINT (-77.155173917 38.7165667232),DGIF067431,1.1519,1.09,1.09,6,6/1/1998,1.056788991
207001004,57,POINT (-77.179209606 38.6873064921),DGIF067436,0.5536,0.523,0.523,7,9/1/1998,1.058508604
207001004,67,POINT (-77.153730952 38.6961081121),DGIF067437,52.8306,61.451,61.451,6,3/1/1999,0.859719126
207001004,146,POINT (-77.204161069 38.7222232201),DGIF067862,40.988,49.116,49.116,4,6/20/2001,0.834514211
207001004,191,POINT (-77.283619904 38.8082187552),DGIF301128,2.9412,3.452,3.452,14,10/14/2003,0.85202781
207001004,161,POINT (-77.283619857 38.853779791),DGIF301130,1.9004,2.059,2.059,2,1/8/2003,0.922972317
207001004,162,POINT (-77.26890332 38.8118295473),DGIF301140,0.6467,0.671,0.671,3,1/9/2003,0.963785395
207001004,163,POINT (-77.306405295 38.8559988821),DGIF301141,1.4897,1.603,1.603,3,1/9/2003,0.929320025
207001004,165,POINT (-77.278350886 38.850999552),DGIF301142,1.9004,2.059,2.059,4,4/30/2003,0.922972317
207001004,169,POINT (-77.250579146 38.8312751133),DGIF301143,0.8538,0.886,0.886,6,5/28/2003,0.963656885
207001004,171,POINT (-77.228903696 38.853779933),DGIF301151,19.0068,22.738,22.738,2,5/29/2003,0.835904653
207001004,174,POINT (-77.276685524 38.853774814),DGIF301166,1.9004,2.059,2.059,2,7/14/2003,0.922972317
207001004,175,POINT (-77.251407945 38.8130792632),DGIF301167,3.8287,4.445,4.445,4,7/14/2003,0.861349831
207001004,179,POINT (-77.295013951 38.8018343163),DGIF301172,3.6504,4.219,4.219,5,7/15/2003,0.865228727
207001004,178,POINT (-77.271686595 38.8109997382),DGIF301174,0.6467,0.671,0.671,4,7/15/2003,0.963785395
207001004,192,POINT (-77.280572206 38.8565560942),DGIF301180,1.9004,2.059,2.059,4,10/14/2003,0.922972317
207001004,182,POINT (-77.255570714 38.8318317853),DGIF301181,0.8538,0.886,0.886,1,8/13/2003,0.963656885
207001004,180,POINT (-77.294182045 38.8065549902),DGIF301185,0.8628,0.902,0.902,3,8/13/2003,0.95654102
207001004,183,POINT (-77.231967783 38.853779885),DGIF301186,15.9954,19.198,19.198,4,8/13/2003,0.83318054
207001004,184,POINT (-77.267233233 38.8193335819),DGIF301187,1.4671,1.559,1.559,2,8/13/2003,0.941051956
207001004,185,POINT (-77.305573162 38.85516183),DGIF301188,1.4897,1.603,1.603,5,8/13/2003,0.929320025
207001004,190,POINT (-77.252232005 38.8348862492),DGIF301194,0.8538,0.886,0.886,4,10/14/2003,0.963656885
207001004,195,POINT (-77.258076137 38.8929479061),DGIF301196,0.6262,0.674,0.674,2,10/16/2003,0.929080119
207001004,193,POINT (-77.293071661 38.8037723492),DGIF301200,0.8628,0.902,0.902,4,10/16/2003,0.95654102
207001004,196,POINT (-77.270011615 38.8115497162),DGIF301201,0.6467,0.671,0.671,6,10/16/2003,0.963785395
207001004,194,POINT (-77.308620382 38.8590505742),DGIF301202,1.4897,1.603,1.603,6,10/16/2003,0.929320025
207001004,197,POINT (-77.274696791 38.8576656791),DGIF301203,1.9004,2.059,2.059,3,11/11/2003,0.922972317
207001004,198,POINT (-77.253076411 38.8334991762),DGIF301204,0.8538,0.886,0.886,5,11/11/2003,0.963656885
207001004,201,POINT (-77.294688744 38.8021122382),DGIF301215,3.6504,4.219,4.219,2,11/12/2003,0.865228727
207001004,199,POINT (-77.228902907 38.8518342711),DGIF301216,19.0068,22.738,22.738,4,11/12/2003,0.835904653
207001004,202,POINT (-77.308069846 38.8565560182),DGIF301218,1.4897,1.603,1.603,3,11/12/2003,0.929320025
207001004,159,POINT (-77.231828079 38.8084401022),DGIF301607,24.045,30.539,30.539,13,9/10/2002,0.787353875
207001004,217,POINT (-77.230325461 38.8113910971),DGIF301608,24.045,30.539,30.539,13,8/25/2004,0.787353875
207001004,147,POINT (-77.163904123 38.7001629133),DGIF301884,50.7703,59.344,59.344,5,6/24/2001,0.855525411
207001004,173,POINT (-77.2386772215 38.7730209441),DGIF301952,15.9471,18.139,18.139,1,6/15/2003,0.879160924
207001004,177,POINT (-77.2387193148 38.7730405743),DGIF301955,15.9471,18.139,18.139,1,7/15/2003,0.879160924
207001004,167,POINT (-77.180294322 38.679883671),DGIF302861,35.5727,39.477,39.477,3,5/12/2003,0.901099374
207001004,154,POINT (-77.184064488 38.7321249442),DGIF303610,4.688,4.989,4.989,9,7/19/2002,0.939667268
207001004,153,POINT (-77.280296072 38.7448873631),DGIF303619,5.4445,6.138,6.138,17,7/19/2002,0.887015314
207001004,206,POINT (-77.146658736 38.7705560901),DGIF305858,4.688,4.989,4.989,3,4/7/2004,0.939667268
207001004,210,POINT (-77.283631396 38.8082191212),DGIF305870,2.9412,3.452,3.452,9,5/19/2004,0.85202781
207001004,149,POINT (-77.212195853 38.8380427633),DGIF306339,1.0435,1.078,1.078,1,7/20/2001,0.967996289
207001004,151,POINT (-77.213072596 38.8386657301),DGIF306340,1.0435,1.078,1.078,1,7/27/2001,0.967996289
207001004,150,POINT (-77.211865432 38.8386265301),DGIF306358,1.0435,1.078,1.078,1,7/20/2001,0.967996289
207001004,205,POINT (-77.146670221 38.7705564701),DGIF307630,4.688,4.989,4.989,3,4/7/2004,0.939667268
207001004,213,POINT (-77.286740594 38.8097503492),DGIF308184,2.9412,3.452,3.452,11,6/29/2004,0.85202781
207001004,212,POINT (-77.256924388 38.8174359428),DGIF308186,3.8287,4.445,4.445,10,6/29/2004,0.861349831
207001004,214,POINT (-77.173657509 38.7237315132),DGIF308188,0.8659,0.823,0.823,6,6/30/2004,1.052126367
207001004,215,POINT (-77.173284635 38.7599746841),DGIF308189,4.688,4.989,4.989,6,6/30/2004,0.939667268
207001004,211,POINT (-77.196190874 38.7198830381),DGIF308366,40.988,49.116,49.116,5,6/1/2004,0.834514211
207001004,219,POINT (-77.238779334 38.772606763),DGIF311590,15.9471,18.139,18.139,6,6/30/2005,0.879160924
207001004,218,POINT (-77.160122584 38.6870677181),DGIF314094,52.8306,61.451,61.451,7,6/13/2005,0.859719126
207001004,207,POINT (-77.201412433 38.6979392871),DGIF314574,31.9296,35.672,35.672,2,4/16/2004,0.895088585
207001004,208,POINT (-77.206408858 38.7032180781),DGIF314577,0.6422,0.61,0.61,1,4/18/2004,1.052786885
207001004,222,POINT (-77.224499614 38.8431886631),DGIF314766,19.0068,22.738,22.738,12,5/31/2006,0.835904653
207001004,225,POINT (-77.195815049 38.7377869361),DGIF316593,40.988,49.116,49.116,19,8/25/2006,0.834514211
207001004,229,POINT (-77.208965685 38.7626524641),DGIF316594,37.9791,45.959,45.959,14,9/27/2006,0.826369155
207001004,224,POINT (-77.31042925 38.7707954269),DGIF316608,1.236,1.278,1.278,8,8/22/2006,0.96713615
207001004,226,POINT (-77.217279216 38.7120019471),DGIF316609,31.9296,35.672,35.672,20,8/25/2006,0.895088585
207001004,228,POINT (-77.217338453 38.7202458881),DGIF316610,21.2151,23.91,23.91,15,9/27/2006,0.887289837
207001004,227,POINT (-77.306444561 38.797152352),DGIF316611,0.8635,0.898,0.898,19,9/12/2006,0.961581292
207001004,223,POINT (-77.289936001 38.8122840962),DGIF316612,2.9412,3.452,3.452,10,8/4/2006,0.85202781
207001004,232,POINT (-77.200230367 38.6940005121),DGIF319487,34.1984,38.046,38.046,1,4/20/2007,0.898869789
207001004,240,POINT (-77.213175436 38.7024198661),DGIF319488,31.9296,35.672,35.672,6,11/13/2007,0.895088585
207001004,237,POINT (-77.218912092 38.7951683728),DGIF319715,0.6376,0.637,0.637,6,9/5/2007,1.000941915
207001004,238,POINT (-77.217946174 38.7912367741),DGIF319716,32.0725,39.57,39.57,6,9/13/2007,0.810525651
207001004,234,POINT (-77.212080788 38.7190035041),DGIF321295,21.2151,23.91,23.91,19,7/7/2007,0.887289837
207001004,235,POINT (-77.225361789 38.720064201),DGIF321296,0.7784,0.764,0.764,1,7/7/2007,1.018848168
207001004,236,POINT (-77.212036937 38.8191217209),DGIF321298,24.045,30.539,30.539,19,7/7/2007,0.787353875
207001004,233,POINT (-77.265863959 38.823280168),DGIF321299,1.4671,1.559,1.559,10,7/7/2007,0.941051956
207001004,26,POINT (-77.2283158077 38.8128906619),USGS01654000,24.045,30.539,30.539,17,8/13/1993,0.787353875
208010201,2,POINT (-76.45793954 37.8770665306),C01003,14.275,16.124,16.124,15,9/21/1988,0.885326222
208010201,11,POINT (-76.3768300053 37.6917499957),C01200,0.9546,1.041,1.041,3,5/6/2004,0.917002882
208010201,12,POINT (-76.4934929979 37.8542666756),C01201,1.963,2.022,2.022,7,5/6/2004,0.970820969
208010201,10,POINT (-76.4960600033 37.877689997),C01202,7.0273,7.939,7.939,7,10/23/2003,0.885161859
208010201,1,POINT (-76.458620439 37.8769466861),DGIF011418,14.275,16.124,16.124,16,9/21/1988,0.885326222
208010201,4,POINT (-76.282139417 37.8222340651),DGIF055364,0.0539,0.054,0.054,2,6/5/1998,0.998148148
208010201,5,POINT (-76.351658039 37.6989652552),DGIF055376,0.1126,0.122,0.122,1,6/29/1998,0.92295082
208010201,6,POINT (-76.351592452 37.6989266392),DGIF055377,0.1126,0.122,0.122,3,6/30/1998,0.92295082
208010201,3,POINT (-76.367017317 37.8482520221),DGIF055378,47.2717,53.641,53.641,4,6/5/1998,0.881260603
208010201,7,POINT (-76.351527301 37.6985187932),DGIF303287,0.1126,0.122,0.122,4,6/4/2003,0.92295082
208010201,8,POINT (-76.281545988 37.8215708301),DGIF303288,4.5949,5.125,5.125,3,6/5/2003,0.896565854
208010201,9,POINT (-76.403941914 37.8679215351),DGIF303294,35.0397,39.663,39.663,4,6/18/2003,0.883435444
208010301,39,POINT (-78.00403 38.806777),3-BUC003.26,7.9381,8.976,8.976,10,11/3/2009,0.88436943
208010301,6,POINT (-78.028333245 38.7590895321),DGIF007758,75.3081,101.583,101.583,17,6/8/1994,0.741345501
208010301,5,POINT (-78.028299138 38.7590796551),DGIF008263,75.3081,101.583,101.583,19,6/8/1994,0.741345501
208010301,2,POINT (-78.125833988 38.7699988121),DGIF010126,8.6261,14.027,14.027,6,7/1/1982,0.614963998
208010301,3,POINT (-78.106394055 38.8377735662),DGIF010128,14.4671,18.996,18.996,11,7/1/1982,0.76158665
208010301,1,POINT (-78.103894867 38.7763849703),DGIF010129,8.6261,14.027,14.027,12,7/1/1982,0.614963998
208010301,4,POINT (-78.035279861 38.7630499971),DGIF011419,34.2193,51.871,51.871,27,8/10/1988,0.659700025
208010301,7,POINT (-78.028089636 38.7591373881),DGIF050047,39.7499,48.527,48.527,2,9/19/1995,0.819129557
208010301,8,POINT (-77.977234413 38.7659403032),DGIF053540,28.6715,32.515,32.515,4,10/16/1996,0.881793019
208010301,9,POINT (-77.957072327 38.8027864133),DGIF063311,7.6612,8.668,8.668,20,6/5/1998,0.883848639
208010301,11,POINT (-77.98993929 38.7470248511),DGIF063312,33.4996,37.587,37.587,18,6/26/1998,0.891254955
208010301,12,POINT (-78.017379828 38.8344245432),DGIF063313,3.3401,4.007,4.007,12,6/29/1998,0.833566259
208010301,10,POINT (-78.047806229 38.8247744861),DGIF063314,11.0419,13.967,13.967,14,6/26/1998,0.790570631
208010301,13,POINT (-77.974412646 38.793759544),DGIF063315,17.475,20.083,20.083,16,6/29/1998,0.870138924
208010301,15,POINT (-78.034926266 38.7624193791),DGIF063316,34.2193,51.871,51.871,24,8/10/1998,0.659700025
208010301,14,POINT (-78.028271381 38.7589167822),DGIF063317,75.3081,101.583,101.583,27,8/10/1998,0.741345501
208010301,16,POINT (-78.105785113 38.7905405201),DGIF067455,8.2505,15.576,15.576,17,7/11/2000,0.529693118
208010301,17,POINT (-78.105062335 38.7768283522),DGIF067460,8.6261,14.027,14.027,19,7/17/2000,0.614963998
208010301,18,POINT (-78.035200397 38.7635795271),DGIF067462,34.2193,51.871,51.871,24,7/21/2000,0.659700025
208010301,19,POINT (-78.097974745 38.8298165231),DGIF067463,14.4671,18.996,18.996,15,7/21/2000,0.76158665
208010301,20,POINT (-78.027839653 38.7582300992),DGIF067479,75.3081,101.583,101.583,26,8/17/2000,0.741345501
208010301,22,POINT (-78.028258967 38.7594930591),DGIF067482,34.2193,51.871,51.871,25,8/22/2000,0.659700025
208010301,21,POINT (-77.983854289 38.7554806462),DGIF067483,30.7277,34.695,34.695,23,8/22/2000,0.885652111
208010301,24,POINT (-77.992290998 38.7249858011),DGIF067484,2.3411,2.232,2.232,11,8/23/2000,1.048879928
208010301,23,POINT (-77.995942782 38.7259356561),DGIF067485,33.4996,37.587,37.587,22,8/23/2000,0.891254955
208010301,25,POINT (-77.976673945 38.7661330041),DGIF067723,28.6715,32.515,32.515,8,10/13/2000,0.881793019
208010301,26,POINT (-77.968919772 38.793806246),DGIF306665,7.6612,8.668,8.668,2,4/29/2004,0.883848639
208010301,32,POINT (-78.027031777 38.7638313151),DGIF309070,39.7499,48.527,48.527,19,7/22/2004,0.819129557
208010301,34,POINT (-78.09433107 38.7905533291),DGIF309072,6.2844,9.96,9.96,14,8/11/2004,0.630963855
208010301,35,POINT (-78.008559282 38.8096217983),DGIF309073,7.9381,8.976,8.976,9,8/11/2004,0.88436943
208010301,27,POINT (-78.017089312 38.8810574111),DGIF309075,6.545,7.978,7.978,4,7/22/2004,0.820381048
208010301,37,POINT (-78.0082760976 38.8097401339),E01002,7.9381,8.976,8.976,9,8/11/2004,0.88436943
208010301,30,POINT (-77.9780468929 38.7859134224),E01003,0.5855,0.572,0.572,1,7/22/2004,1.023601399
208010301,36,POINT (-78.094055748 38.7906655645),E01004,6.2844,9.96,9.96,14,8/11/2004,0.630963855
208010301,31,POINT (-78.0168100727 38.8811663094),E01006,6.545,7.978,7.978,4,7/22/2004,0.820381048
208010301,29,POINT (-78.0267476847 38.7639438911),E01007,39.7499,48.527,48.527,19,7/22/2004,0.819129557
208020305,69,POINT (-79.16347484 37.7818475),2-PRS003.23,2.9544,8.667,8.667,1,8/8/2008,0.340879197
208020305,72,POINT (-79.006666 37.800388),2-TYE028.94,52.5477,114.855,114.855,21,10/14/2010,0.457513386
208020305,57,POINT (-79.03047298 37.8340489111),DGIF003876,0.8437,1.733,1.733,2,5/22/1992,0.486843624
208020305,58,POINT (-79.021741847 37.8376334871),DGIF003878,39.9428,91.453,91.453,1,5/22/1992,0.436757679
208020305,54,POINT (-79.040556371 37.8536110431),DGIF011436,32.3619,73.719,73.719,16,8/1/1988,0.438989948
208020305,55,POINT (-78.993343071 37.6999982912),DGIF011437,63.5875,127.126,127.126,5,10/4/1988,0.500192722
208020305,56,POINT (-79.043343078 37.7097159742),DGIF011438,46.7064,105.696,105.696,19,10/17/1988,0.441893733
208020305,65,POINT (-79.1001782488 37.7987836126),DGIF057686,4.9743,12.827,12.827,4,10/18/1999,0.387799174
208020305,62,POINT (-79.081650562 37.847591997),DGIF058806,1.0696,2.559,2.559,2,8/26/1997,0.417975772
208020305,64,POINT (-79.078113285 37.8485796971),DGIF058807,1.3618,3.772,3.772,3,8/26/1997,0.361028632
208020305,61,POINT (-79.078718981 37.8510769141),DGIF058808,13.0803,32.135,32.135,8,8/26/1997,0.407042166
208020305,63,POINT (-79.050794906 37.838568729),DGIF058809,1.6756,4.683,4.683,2,8/26/1997,0.357804826
208020305,60,POINT (-79.103334245 37.7898871763),DGIF058810,4.9743,12.827,12.827,7,7/7/1997,0.387799174
208020305,2,POINT (-79.126614896 37.875181277),DGIF064629,3.272,7.246,7.246,5,7/16/1977,0.451559481
208020305,15,POINT (-79.1090452 37.8802624631),DGIF064630,7.3401,16.382,16.382,6,10/29/1977,0.448058845
208020305,5,POINT (-79.083183649 37.8871167661),DGIF064631,7.3401,16.382,16.382,6,7/20/1977,0.448058845
208020305,35,POINT (-79.07121916 37.8898321401),DGIF064632,9.8229,22.113,22.113,6,7/20/1978,0.444213811
208020305,8,POINT (-79.061413561 37.8899774102),DGIF064633,9.8229,22.113,22.113,8,7/24/1977,0.444213811
208020305,9,POINT (-79.061814515 37.8872623942),DGIF064634,13.7527,30.566,30.566,9,7/27/1977,0.449934568
208020305,23,POINT (-79.115198636 37.8560736072),DGIF064657,6.3292,15.509,15.509,6,5/3/1978,0.408098523
208020305,40,POINT (-79.113252235 37.8535100232),DGIF064658,6.3292,15.509,15.509,5,7/26/1978,0.408098523
208020305,17,POINT (-79.103170226 37.8522124631),DGIF064659,6.3292,15.509,15.509,7,11/21/1977,0.408098523
208020305,20,POINT (-79.085919481 37.8534652642),DGIF064660,9.9859,24.112,24.112,8,4/22/1978,0.414146483
208020305,49,POINT (-79.080552565 37.851368178),DGIF064661,9.9859,24.112,24.112,9,10/22/1978,0.414146483
208020305,29,POINT (-79.076510071 37.8516716831),DGIF064662,13.0803,32.135,32.135,8,6/22/1978,0.407042166
208020305,66,POINT (-79.01638264 37.7011092671),DGIF067828,49.3212,107.056,107.056,8,6/19/2001,0.460704678
208020305,67,POINT (-78.997199999 37.7012354732),DGIF314064,63.5875,127.126,127.126,6,6/29/2005,0.500192722
208020305,68,POINT (-78.954454822 37.8037611751),DGIF314768,1.0376,1.473,1.473,7,5/23/2006,0.704412763
208020305,59,POINT (-78.9542 37.8039),VA757S,1.0376,1.473,1.473,6,5/4/1994,0.704412763
208020602,3,POINT (-77.219439728 37.3151996101),DGIF004031,8662.719,9743.174,9743.174,3,6/21/1991,0.889106466
208020602,4,POINT (-77.2358526597 37.3143833842),DGIF005225,8660.4193,9741.099,9741.099,8,6/23/1992,0.889059777
208020602,6,POINT (-77.1976473281 37.2939324427),DGIF005226,5.0494,5.133,5.133,6,6/23/1993,0.983713228
208020602,5,POINT (-77.1977210471 37.2939945893),DGIF005228,5.0494,5.133,5.133,1,6/25/1992,0.983713228
208020602,10,POINT (-77.2262609151 37.3221340611),DGIF007646,1.9307,1.741,1.741,3,6/9/1995,1.108960368
208020602,8,POINT (-77.235690947 37.313646237),DGIF007650,8660.4193,9741.099,9741.099,2,4/20/1994,0.889059777
208020602,1,POINT (-77.205840301 37.3041602442),DGIF010306,2.3845,2.181,2.181,8,6/4/1974,1.093305823
208020602,2,POINT (-77.151123091 37.2522209192),DGIF011638,16.2974,17.248,17.248,21,7/24/1990,0.944886364
208020602,147,POINT (-77.165245253 37.1895278051),DGIF040141,2.805,2.773,2.773,18,4/26/2000,1.011539849
208020602,150,POINT (-77.169188903 37.199934714),DGIF040150,1.1672,1.131,1.131,11,4/26/2000,1.032007073
208020602,149,POINT (-77.175834275 37.2108342942),DGIF040165,1.1054,1.059,1.059,12,4/26/2000,1.04381492
208020602,160,POINT (-77.183117255 37.2274387272),DGIF040185,4.1077,4.303,4.303,10,5/25/2000,0.954613061
208020602,139,POINT (-77.301651124 37.239061164),DGIF040304,2.2709,2.096,2.096,14,4/10/2000,1.083444657
208020602,158,POINT (-77.215837388 37.243778535),DGIF040326,1.9053,1.77,1.77,12,5/25/2000,1.076440678
208020602,135,POINT (-77.152292226 37.2487365401),DGIF040341,14.7472,15.639,15.639,15,3/29/2000,0.942975894
208020602,141,POINT (-77.158611983 37.2529870011),DGIF040362,10.2865,10.52,10.52,9,4/10/2000,0.977804183
208020602,133,POINT (-77.299939101 37.2535484582),DGIF040363,3.3404,3.408,3.408,14,3/29/2000,0.980164319
208020602,136,POINT (-77.107095742 37.2541666042),DGIF040366,2.2931,2.187,2.187,10,4/5/2000,1.048513946
208020602,146,POINT (-77.171615805 37.2554538202),DGIF040368,1.0564,0.978,0.978,11,4/19/2000,1.080163599
208020602,169,POINT (-77.149728377 37.2638869101),DGIF040377,27.4345,28.583,28.583,21,5/29/2001,0.959818773
208020602,122,POINT (-77.102499521 37.268329883),DGIF040382,5.3948,5.67,5.67,15,7/12/1999,0.951463845
208020602,15,POINT (-77.080202905 37.271403197),DGIF040384,8793.1337,9866.179,9866.179,4,8/8/1995,0.891240033
208020602,98,POINT (-77.154725348 37.2722205251),DGIF040393,28.502,29.676,29.676,22,8/12/1998,0.960439412
208020602,167,POINT (-77.156393627 37.2722207331),DGIF040403,28.502,29.676,29.676,10,11/29/2000,0.960439412
208020602,134,POINT (-77.289552096 37.2738899562),DGIF040404,14.3326,14.521,14.521,10,3/29/2000,0.987025687
208020602,121,POINT (-77.098887337 37.2769400692),DGIF040405,7.9179,8.322,8.322,19,7/12/1999,0.951441961
208020602,142,POINT (-77.210093596 37.2828014682),DGIF040417,2.1044,1.933,1.933,12,4/10/2000,1.08867046
208020602,137,POINT (-77.210951653 37.2834505942),DGIF040418,2.1044,1.933,1.933,8,4/10/2000,1.08867046
208020602,190,POINT (-77.155275024 37.2844452912),DGIF040419,31.9578,33.195,33.195,22,11/9/2001,0.962729327
208020602,191,POINT (-77.157216416 37.2886074211),DGIF040450,31.9578,33.195,33.195,21,11/9/2001,0.962729327
208020602,153,POINT (-77.258631083 37.2886631801),DGIF040456,19.806,19.999,19.999,14,5/11/2000,0.990349518
208020602,154,POINT (-77.260784431 37.2977674041),DGIF040468,22.947,23.136,23.136,2,5/11/2000,0.991830913
208020602,52,POINT (-77.166389919 37.3000041742),DGIF040471,8683.9445,9762.557,9762.557,2,10/24/1996,0.88951537
208020602,41,POINT (-77.259435676 37.3054094341),DGIF040485,22.947,23.136,23.136,5,7/31/1996,0.991830913
208020602,92,POINT (-77.166394862 37.3094455361),DGIF040501,8683.9445,9762.557,9762.557,18,7/21/1998,0.88951537
208020602,50,POINT (-77.096387846 37.3100001511),DGIF040508,8751.5285,9826.378,9826.378,1,10/15/1996,0.890615901
208020602,42,POINT (-77.098931585 37.316417199),DGIF040518,8751.5285,9826.378,9826.378,4,8/6/1996,0.890615901
208020602,111,POINT (-77.076391723 37.316950009),DGIF040526,8780.1969,31.448,31.448,12,10/27/1998,279.1973067
208020602,9,POINT (-77.223883695 37.316999357),DGIF040530,1.9307,1.741,1.741,4,8/25/1994,1.108960368
208020602,107,POINT (-77.102222255 37.3177780009),DGIF040540,8751.5285,9826.378,9826.378,15,10/14/1998,0.890615901
208020602,195,POINT (-77.142774045 37.3216673661),DGIF040547,28.6531,0.242,0.242,3,7/8/2002,118.4012397
208020602,186,POINT (-77.145277064 37.3238931311),DGIF040551,28.6285,29.91,29.91,18,10/30/2001,0.957154798
208020602,183,POINT (-77.204157741 37.3239167312),DGIF040558,6.1245,6.194,6.194,4,7/19/2001,0.988779464
208020602,102,POINT (-77.232223234 37.3263916462),DGIF040564,1.406,1.268,1.268,17,10/7/1998,1.108832808
208020602,91,POINT (-77.150842922 37.3266691131),DGIF040568,28.3915,29.667,29.667,18,7/21/1998,0.957006101
208020602,181,POINT (-77.229198624 37.3282230621),DGIF040575,2.4985,2.265,2.265,3,7/19/2001,1.103090508
208020602,117,POINT (-77.237222386 37.3286140161),DGIF040576,1.351,1.218,1.218,15,6/28/1999,1.109195402
208020602,120,POINT (-77.061387403 37.3327740911),DGIF040577,16.3589,17.503,17.503,16,7/8/1999,0.934634063
208020602,90,POINT (-77.167224239 37.3330573971),DGIF040579,28.3915,29.667,29.667,19,7/20/1998,0.957006101
208020602,89,POINT (-77.177228434 37.3333275001),DGIF040585,26.0292,27.262,27.262,23,7/20/1998,0.954779547
208020602,119,POINT (-77.0705636 37.3333319341),DGIF040590,16.3589,17.503,17.503,19,7/8/1999,0.934634063
208020602,116,POINT (-77.24694295 37.3338961612),DGIF040591,1.351,1.218,1.218,15,6/28/1999,1.109195402
208020602,144,POINT (-77.186954133 37.3433352961),DGIF040618,26.0292,27.262,27.262,13,4/11/2000,0.954779547
208020602,155,POINT (-77.071564671 37.343986232),DGIF040619,4.7912,5.153,5.153,10,5/18/2000,0.929788473
208020602,156,POINT (-77.070067609 37.344134616),DGIF040620,4.7912,5.153,5.153,10,5/18/2000,0.929788473
208020602,159,POINT (-77.161731873 37.3476353841),DGIF040625,0.8722,0.81,0.81,7,5/25/2000,1.076790124
208020602,162,POINT (-77.214311229 37.3604762232),DGIF040665,4.1883,4.256,4.256,10,5/26/2000,0.984093045
208020602,157,POINT (-77.036816483 37.3621573492),DGIF040668,4.5615,4.961,4.961,10,5/18/2000,0.919471881
208020602,145,POINT (-77.157050476 37.3703742921),DGIF040672,10.3174,11.016,11.016,10,4/11/2000,0.936583152
208020602,60,POINT (-77.097051375 37.394477175),DGIF040720,0.4385,0.426,0.426,4,5/13/1997,1.029342723
208020602,161,POINT (-77.149315244 37.4039498422),DGIF040752,0.9983,0.966,0.966,9,5/25/2000,1.033436853
208020602,16,POINT (-77.136177931 37.3103981712),DGIF050301,30.0139,31.327,31.327,10,9/11/1995,0.958084081
208020602,19,POINT (-77.140264087 37.316936907),DGIF050304,29.3144,30.613,30.613,8,9/14/1995,0.957580113
208020602,22,POINT (-77.140301552 37.316866061),DGIF050309,29.3144,30.613,30.613,9,9/21/1995,0.957580113
208020602,32,POINT (-77.139604443 37.3139605032),DGIF050311,29.3144,30.613,30.613,9,4/25/1996,0.957580113
208020602,26,POINT (-77.139615703 37.3139608712),DGIF050312,29.3144,30.613,30.613,7,4/11/1996,0.957580113
208020602,29,POINT (-77.139615242 37.3139698652),DGIF050313,29.3144,30.613,30.613,12,4/18/1996,0.957580113
208020602,34,POINT (-77.139603983 37.3139694972),DGIF050320,29.3144,30.613,30.613,7,4/29/1996,0.957580113
208020602,55,POINT (-77.183299775 37.3301725352),DGIF053515,26.0292,27.262,27.262,5,11/4/1996,0.954779547
208020602,54,POINT (-77.137269176 37.3084699561),DGIF053516,30.319,31.639,31.639,5,11/4/1996,0.958279339
208020602,24,POINT (-77.179231423 37.3334283342),DGIF053605,26.0292,27.262,27.262,2,4/3/1996,0.954779547
208020602,31,POINT (-77.179264756 37.3334384211),DGIF053607,26.0292,27.262,27.262,2,4/25/1996,0.954779547
208020602,36,POINT (-77.179322896 37.3334042661),DGIF053608,26.0292,27.262,27.262,3,5/9/1996,0.954779547
208020602,37,POINT (-77.179261248 37.3332851582),DGIF053612,26.0292,27.262,27.262,2,6/4/1996,0.954779547
208020602,38,POINT (-77.179228371 37.3332660772),DGIF053613,26.0292,27.262,27.262,1,6/5/1996,0.954779547
208020602,39,POINT (-77.179274336 37.3332495461),DGIF053614,26.0292,27.262,27.262,1,6/6/1996,0.954779547
208020602,47,POINT (-77.183152905 37.3301767982),DGIF054585,26.0292,27.262,27.262,18,9/12/1996,0.954779547
208020602,62,POINT (-77.18315245 37.3301857922),DGIF054586,26.0292,27.262,27.262,20,5/14/1997,0.954779547
208020602,71,POINT (-77.224433676 37.318629531),DGIF055326,1.9307,1.741,1.741,6,10/7/1997,1.108960368
208020602,70,POINT (-77.093422805 37.3075869501),DGIF055327,8751.5285,9826.378,9826.378,6,10/7/1997,0.890615901
208020602,73,POINT (-77.313796827 37.2515578262),DGIF055328,4.5817,4.685,4.685,5,10/10/1997,0.977950907
208020602,72,POINT (-77.258756144 37.2884148851),DGIF055329,19.806,19.999,19.999,9,10/9/1997,0.990349518
208020602,101,POINT (-77.142310681 37.3137516062),DGIF059015,29.0729,0.45,0.45,13,10/7/1998,64.60644444
208020602,76,POINT (-77.142220604 37.3137486652),DGIF059016,29.0729,0.45,0.45,14,3/16/1998,64.60644444
208020602,83,POINT (-77.142221524 37.3137306772),DGIF059017,29.0729,0.45,0.45,14,4/27/1998,64.60644444
208020602,129,POINT (-77.147771472 37.2505442292),DGIF062491,1.4942,1.41,1.41,12,10/8/1999,1.059716312
208020602,132,POINT (-77.1277717 37.3905520541),DGIF062496,6.4296,6.902,6.902,3,10/12/1999,0.931556071
208020602,131,POINT (-77.167225229 37.3713806172),DGIF062497,9.9723,10.453,10.453,2,10/12/1999,0.954013202
208020602,140,POINT (-77.211107045 37.2830501742),DGIF063583,2.1044,1.933,1.933,8,4/10/2000,1.08867046
208020602,138,POINT (-77.210266534 37.2825007102),DGIF063584,2.1044,1.933,1.933,12,4/10/2000,1.08867046
208020602,148,POINT (-77.17582303 37.2108339312),DGIF063586,1.1054,1.059,1.059,11,4/26/2000,1.04381492
208020602,151,POINT (-77.256662197 37.2972134811),DGIF063592,22.947,23.136,23.136,2,5/11/2000,0.991830913
208020602,152,POINT (-77.258884434 37.2883288561),DGIF063593,19.806,19.999,19.999,14,5/11/2000,0.990349518
208020602,143,POINT (-77.186932059 37.3433255751),DGIF063611,26.0292,27.262,27.262,13,4/11/2000,0.954779547
208020602,163,POINT (-77.18199222 37.3470668181),DGIF067703,24.2313,25.448,25.448,3,7/13/2000,0.952188777
208020602,164,POINT (-77.175617857 37.3483830871),DGIF067709,24.2313,25.448,25.448,4,10/5/2000,0.952188777
208020602,168,POINT (-77.265272592 37.29138676),DGIF067799,20.6264,20.822,20.822,5,5/29/2001,0.99060609
208020602,171,POINT (-77.211116645 37.3486082111),DGIF067812,4.1883,4.256,4.256,5,5/29/2001,0.984093045
208020602,211,POINT (-77.18168877 37.3301294861),DGIF300244,26.0292,27.262,27.262,1,4/15/2003,0.954779547
208020602,212,POINT (-77.181697165 37.3304090301),DGIF300245,26.0292,27.262,27.262,1,4/15/2003,0.954779547
208020602,193,POINT (-77.183272016 37.3469730461),DGIF301118,24.2313,25.448,25.448,3,5/16/2002,0.952188777
208020602,210,POINT (-77.170309714 37.3198515071),DGIF302853,28.3915,29.667,29.667,4,4/1/2003,0.957006101
208020602,286,POINT (-77.18030407 37.3298504942),DGIF302869,26.0292,27.262,27.262,3,4/14/2005,0.954779547
208020602,219,POINT (-77.183306818 37.3498479752),DGIF303490,24.2313,25.448,25.448,6,5/1/2003,0.952188777
208020602,194,POINT (-77.159476942 37.2984644262),DGIF304332,32.2789,33.52,33.52,6,7/3/2002,0.962974344
208020602,196,POINT (-77.095224054 37.3126552592),DGIF304333,8751.5285,9826.378,9826.378,9,7/9/2002,0.890615901
208020602,320,POINT (-77.223922435 37.316901497),DGIF304335,1.9307,1.741,1.741,4,8/22/2005,1.108960368
208020602,259,POINT (-77.150301284 37.3498488832),DGIF305713,0.8722,0.81,0.81,10,11/3/2004,1.076790124
208020602,227,POINT (-77.225896882 37.3017935221),DGIF308118,0.6939,0.635,0.635,2,8/25/2004,1.092755906
208020602,225,POINT (-77.224050327 37.3193019589),DGIF308312,1.9307,1.741,1.741,2,4/23/2004,1.108960368
208020602,330,POINT (-77.259598886 37.2880181331),DGIF314010,19.806,19.999,19.999,5,9/27/2005,0.990349518
208020602,315,POINT (-77.271824291 37.3078009372),DGIF314012,8636.4448,9719.191,9719.191,2,6/7/2005,0.888597086
208020602,318,POINT (-77.184053216 37.3464757762),DGIF314017,24.2313,25.448,25.448,7,6/14/2005,0.952188777
208020602,166,POINT (-77.157528071 37.2742936013),DGIF315355,30.1453,31.351,31.351,10,11/29/2000,0.961541897
208020602,61,POINT (-77.1835476745 37.330390047),G03001,26.0292,27.262,27.262,21,5/14/1997,0.954779547
208020602,130,POINT (-77.1276192792 37.3919215754),G03003,6.4296,6.902,6.902,3,10/12/1999,0.931556071
208020602,416,POINT (-77.1070203383 37.3462129423),G03005,7.1681,7.518,7.518,12,7/31/2007,0.953458367
208020602,68,POINT (-77.3242813036 37.2459701042),G03200,3.3099,3.397,3.397,6,6/13/1997,0.974359729
208020602,67,POINT (-77.3158058957 37.249811798),G03201,4.5817,4.685,4.685,7,6/13/1997,0.977950907
208020602,69,POINT (-77.3322694971 37.2407549971),G03203,2.5923,2.401,2.401,13,6/13/1997,1.079675135
208020602,65,POINT (-77.3373688036 37.2264306026),G03204,2.5923,2.401,2.401,6,6/13/1997,1.079675135
208020602,66,POINT (-77.3202157954 37.2471817017),G03205,3.3099,3.397,3.397,7,6/13/1997,0.974359729
208020602,223,POINT (-77.1660251376 37.3713334778),G03206,9.9723,10.453,10.453,4,9/17/2003,0.954013202
208020602,224,POINT (-77.1564230924 37.3709473476),G03207,10.3174,11.016,11.016,7,9/17/2003,0.936583152
208020602,222,POINT (-77.103561267 37.2473859159),G04003,2.2931,2.187,2.187,4,8/6/2003,1.048513946
208020604,103,POINT (-77.440209 37.676676),2-CHK070.14,54.4162,61.726,61.726,14,9/28/2007,0.881576645
208020604,101,POINT (-77.549729 37.68961),2-XYC000.31,0.8107,0.835,0.835,7,10/16/2006,0.970898204
208020604,6,POINT (-77.466384683 37.5986121861),DGIF041126,17.4698,19.871,19.871,15,5/16/1995,0.879160586
208020604,47,POINT (-77.490838756 37.6008383091),DGIF041129,5.2635,6.081,6.081,12,9/6/1995,0.865564874
208020604,31,POINT (-77.46055392 37.6036175812),DGIF041131,17.4698,19.871,19.871,8,7/31/1995,0.879160586
208020604,50,POINT (-77.40889364 37.6102802401),DGIF041138,104.0863,45.395,45.395,11,10/10/1995,2.292902302
208020604,49,POINT (-77.405841182 37.6111151301),DGIF041140,65.6026,74.183,74.183,9,10/10/1995,0.884334686
208020604,26,POINT (-77.424444432 37.6130594172),DGIF041142,38.0014,43.16,43.16,13,7/24/1995,0.880477294
208020604,27,POINT (-77.456391441 37.6147270681),DGIF041143,35.0539,39.873,39.873,11,7/24/1995,0.879138766
208020604,19,POINT (-77.463616233 37.6216650072),DGIF041147,16.91,19.333,19.333,9,6/21/1995,0.874670253
208020604,10,POINT (-77.447772081 37.6280625202),DGIF041151,1.6012,1.639,1.639,5,5/24/1995,0.976937157
208020604,20,POINT (-77.480007717 37.6283271342),DGIF041152,15.0513,17.226,17.226,7,6/21/1995,0.873754789
208020604,9,POINT (-77.477217815 37.6358295941),DGIF041155,10.9043,12.485,12.485,11,5/24/1995,0.873392071
208020604,23,POINT (-77.40555377 37.6361066961),DGIF041156,0.6974,0.699,0.699,5,7/7/1995,0.997711016
208020604,56,POINT (-77.420000179 37.6372222101),DGIF041157,62.3995,70.673,70.673,14,10/31/1995,0.882932662
208020604,21,POINT (-77.42500049 37.6397254261),DGIF041164,62.3995,70.673,70.673,2,7/6/1995,0.882932662
208020604,14,POINT (-77.516945305 37.6416684729),DGIF041165,1.6822,1.766,1.766,7,6/14/1995,0.952548131
208020604,11,POINT (-77.477504114 37.6458294571),DGIF041166,10.9043,12.485,12.485,10,6/1/1995,0.873392071
208020604,12,POINT (-77.50721209 37.647497708),DGIF041167,3.2963,3.816,3.816,11,6/1/1995,0.863810273
208020604,22,POINT (-77.496941932 37.6483279772),DGIF041168,3.2963,3.816,3.816,11,7/7/1995,0.863810273
208020604,51,POINT (-77.430830586 37.6530555692),DGIF041169,59.7759,67.748,67.748,13,10/12/1995,0.882327154
208020604,15,POINT (-77.489995593 37.6591666541),DGIF041174,5.7972,6.64,6.64,5,6/14/1995,0.873072289
208020604,45,POINT (-77.497498363 37.6644441851),DGIF041177,3.1677,3.632,3.632,6,9/5/1995,0.872164097
208020604,46,POINT (-77.502222497 37.664719689),DGIF041178,3.1677,3.632,3.632,5,9/5/1995,0.872164097
208020604,44,POINT (-77.446385684 37.668057637),DGIF041181,0.7144,0.733,0.733,8,8/30/1995,0.97462483
208020604,53,POINT (-77.548063111 37.6750002062),DGIF041185,4.017,4.642,4.642,8,10/18/1995,0.865359759
208020604,28,POINT (-77.567220837 37.6766682212),DGIF041186,1.9265,2.006,2.006,8,7/25/1995,0.960368893
208020604,43,POINT (-77.448330205 37.6769452892),DGIF041187,1.5112,1.549,1.549,3,8/29/1995,0.97559716
208020604,25,POINT (-77.450834652 37.6802821082),DGIF041188,34.8764,39.709,39.709,10,7/19/1995,0.87829963
208020604,34,POINT (-77.53278421 37.6808400251),DGIF041189,0.6915,0.719,0.719,8,8/14/1995,0.961752434
208020604,32,POINT (-77.54416271 37.6833276651),DGIF041190,4.017,4.642,4.642,5,8/10/1995,0.865359759
208020604,24,POINT (-77.449445699 37.6844475331),DGIF041191,17.9389,20.348,20.348,16,7/19/1995,0.881605072
208020604,52,POINT (-77.543336984 37.6849972042),DGIF041192,21.9365,25.083,25.083,10,10/12/1995,0.874556473
208020604,40,POINT (-77.455008076 37.6866601751),DGIF041193,12.7133,14.452,14.452,13,8/28/1995,0.879691392
208020604,39,POINT (-77.489991225 37.688338606),DGIF041195,34.8764,39.709,39.709,12,8/23/1995,0.87829963
208020604,4,POINT (-77.56611409 37.6908258701),DGIF041196,1.7733,1.829,1.829,6,5/11/1995,0.9695462
208020604,1,POINT (-77.461102957 37.692221967),DGIF041199,12.7133,14.452,14.452,15,5/4/1995,0.879691392
208020604,38,POINT (-77.491114416 37.693606464),DGIF041201,34.8764,39.709,39.709,12,8/23/1995,0.87829963
208020604,30,POINT (-77.462221599 37.6944448121),DGIF041203,12.7133,14.452,14.452,14,7/27/1995,0.879691392
208020604,48,POINT (-77.591669094 37.69500078),DGIF041204,8.5966,9.838,9.838,10,10/6/1995,0.873815816
208020604,42,POINT (-77.448053611 37.6955589129),DGIF041209,5.186,5.887,5.887,16,8/29/1995,0.88092407
208020604,55,POINT (-77.513054812 37.7005556332),DGIF041211,30.1995,34.46,34.46,9,10/26/1995,0.8763639
208020604,36,POINT (-77.514173928 37.7011113051),DGIF041212,30.1995,34.46,34.46,10,8/15/1995,0.8763639
208020604,5,POINT (-77.593609932 37.7013906191),DGIF041213,1.9029,1.966,1.966,3,5/11/1995,0.967904374
208020604,59,POINT (-77.567223857 37.7016605572),DGIF041214,0.8712,0.898,0.898,1,11/21/1995,0.970155902
208020604,8,POINT (-77.537497035 37.7050066932),DGIF041217,4.8461,5.551,5.551,13,5/23/1995,0.873013871
208020604,7,POINT (-77.523618242 37.7050032242),DGIF041218,30.1995,34.46,34.46,4,5/23/1995,0.8763639
208020604,41,POINT (-77.448893662 37.7052690982),DGIF041219,5.186,5.887,5.887,1,8/28/1995,0.88092407
208020604,35,POINT (-77.496672941 37.7074930792),DGIF041221,34.8764,39.709,39.709,3,8/15/1995,0.87829963
208020604,57,POINT (-77.607224531 37.7091624322),DGIF041226,2.2448,2.322,2.322,12,11/10/1995,0.966752799
208020604,54,POINT (-77.540552008 37.712213887),DGIF041228,3.6393,4.178,4.178,8,10/26/1995,0.871062709
208020604,2,POINT (-77.482221088 37.7152786611),DGIF041230,9.2561,10.55,10.55,14,5/4/1995,0.87735545
208020604,58,POINT (-77.60360847 37.7158333611),DGIF041231,2.2448,2.322,2.322,4,11/10/1995,0.966752799
208020604,3,POINT (-77.459723599 37.7166674782),DGIF041232,5.186,5.887,5.887,8,5/4/1995,0.88092407
208020604,13,POINT (-77.500553833 37.7377715052),DGIF041247,4.3381,4.961,4.961,9,6/12/1995,0.874440637
208020604,17,POINT (-77.488334301 37.7380562992),DGIF041248,5.3437,6.106,6.106,8,6/19/1995,0.875155585
208020604,33,POINT (-77.539447675 37.742497926),DGIF041250,1.848,1.909,1.909,2,8/14/1995,0.968046097
208020604,37,POINT (-77.471385249 37.743333384),DGIF041251,2.2368,2.302,2.302,5,8/16/1995,0.971676803
208020604,16,POINT (-77.48888169 37.7516675371),DGIF041252,2.422,2.495,2.495,5,6/19/1995,0.970741483
208020604,84,POINT (-77.501687216 37.667911114),DGIF304061,3.1677,3.632,3.632,1,7/31/2003,0.872164097
208020604,85,POINT (-77.500845676 37.666525712),DGIF311583,3.1677,3.632,3.632,1,5/16/2005,0.872164097
208020604,92,POINT (-77.593068983 37.6951313781),DGIF314063,8.5966,9.838,9.838,3,8/11/2005,0.873815816
208020604,29,POINT (-77.462783798 37.694542782),DGIF315316,12.7133,14.452,14.452,14,7/27/1995,0.879691392
208020604,18,POINT (-77.489449895 37.751648448),DGIF315317,2.422,2.495,2.495,5,6/19/1995,0.970741483
208020604,98,POINT (-77.5393969902 37.7113834714),G05002,4.2404,4.863,4.863,12,9/22/2006,0.871972034
208020604,97,POINT (-77.5722165874 37.6638786669),G05003,1.9265,2.006,2.006,5,9/22/2006,0.960368893
208020604,99,POINT (-77.5930709937 37.6961458075),G05004,8.5966,9.838,9.838,8,9/22/2006,0.873815816
208020604,69,POINT (-77.4687671783 37.5951784688),G05200,1.3292,1.343,1.343,8,6/11/1999,0.989724497
208020604,68,POINT (-77.4803498039 37.5942927003),G05201,6.3337,7.186,7.186,8,6/11/1999,0.881394378
208020604,67,POINT (-77.4865279813 37.5996252052),G05202,7.6108,8.766,8.766,7,6/11/1999,0.868218115
208020604,75,POINT (-77.4664321816 37.5987747989),G05203,17.4698,19.871,19.871,7,4/3/2000,0.879160586
208020604,83,POINT (-77.4444911982 37.6229911031),G05208,1.6012,1.639,1.639,10,6/26/2000,0.976937157
208020604,65,POINT (-77.4227648992 37.6135757965),G05209,38.0014,43.16,43.16,10,5/20/1999,0.880477294
208020604,62,POINT (-77.5457936953 37.6056744992),G05210,0.8232,0.862,0.862,1,5/19/1999,0.954988399
208020604,81,POINT (-77.5008752048 37.6213799963),G05211,0.7787,0.808,0.808,10,6/15/2000,0.963737624
208020604,70,POINT (-77.4586927851 37.6190252085),G05212,16.91,19.333,19.333,9,6/18/1999,0.874670253
208020604,80,POINT (-77.4964479538 37.648920558),G05213,3.2963,3.816,3.816,8,6/13/2000,0.863810273
301010103,41,POINT (-80.173474532 37.2510322381),DGIF002711,262.0919,261.994,261.994,24,4/19/1993,1.000373673
301010103,30,POINT (-80.135608658 37.2591538471),DGIF003022,277.6748,277.562,277.562,17,6/28/1991,1.000406396
301010103,29,POINT (-80.044788673 37.3338927842),DGIF003180,22.2555,27.144,27.144,2,5/15/1991,0.819904951
301010103,19,POINT (-80.119293437 37.269615971),DGIF003403,288.4043,286.451,286.451,1,6/26/1990,1.006818967
301010103,25,POINT (-80.113625402 37.2759284861),DGIF003404,288.4043,286.451,286.451,1,7/26/1990,1.006818967
301010103,23,POINT (-80.106521692 37.2776508192),DGIF003405,295.7645,293.314,293.314,1,7/12/1990,1.008354528
301010103,24,POINT (-80.094808507 37.2818434282),DGIF003406,297.6354,294.762,294.762,1,7/26/1990,1.009748204
301010103,27,POINT (-80.091474252 37.2823947712),DGIF003407,297.6354,294.762,294.762,1,11/1/1990,1.009748204
301010103,26,POINT (-80.075129407 37.2860720392),DGIF003408,304.8879,300.925,300.925,1,9/6/1990,1.013169062
301010103,21,POINT (-80.068713391 37.2821908272),DGIF003409,305.7598,301.727,301.727,1,7/11/1990,1.013365725
301010103,22,POINT (-80.06374225 37.2837380512),DGIF003410,306.1559,302.057,302.057,1,7/11/1990,1.013569955
301010103,70,POINT (-80.049923965 37.2756506542),DGIF003412,312.9761,308.517,308.517,24,10/17/1997,1.014453336
301010103,18,POINT (-80.027165922 37.265757853),DGIF003414,317.5543,312.761,312.761,1,6/25/1990,1.01532576
301010103,17,POINT (-80.024950986 37.268732237),DGIF003415,317.5543,312.761,312.761,1,6/25/1990,1.01532576
301010103,33,POINT (-80.024761023 37.268595464),DGIF003966,317.5543,312.761,312.761,3,8/6/1991,1.01532576
301010103,38,POINT (-80.024715102 37.268658183),DGIF003967,317.5543,312.761,312.761,3,10/4/1991,1.01532576
301010103,32,POINT (-80.057705109 37.2802919082),DGIF003968,310.7223,306.611,306.611,3,8/3/1991,1.013408847
301010103,36,POINT (-80.05773872 37.2803102042),DGIF003969,310.7223,306.611,306.611,3,9/28/1991,1.013408847
301010103,34,POINT (-80.091498435 37.2822597483),DGIF003970,297.6354,294.762,294.762,3,8/23/1991,1.009748204
301010103,37,POINT (-80.09145256 37.2823224932),DGIF003971,297.6354,294.762,294.762,3,10/2/1991,1.009748204
301010103,31,POINT (-80.106296229 37.2776401032),DGIF003972,295.7645,293.314,293.314,3,7/22/1991,1.008354528
301010103,35,POINT (-80.106374646 37.2776857652),DGIF003973,295.7645,293.314,293.314,3,9/27/1991,1.008354528
301010103,43,POINT (-80.139006457 37.2697429669),DGIF005266,281.2543,280.361,280.361,2,6/16/1993,1.003186249
301010103,45,POINT (-80.175213311 37.2456449742),DGIF005940,262.0919,261.994,261.994,15,9/12/1994,1.000373673
301010103,39,POINT (-80.03030046 37.2974582749),DGIF006682,29.4864,34.643,34.643,11,4/18/1993,0.851150305
301010103,40,POINT (-80.044719139 37.3331440781),DGIF006696,22.2555,27.144,27.144,7,4/18/1993,0.819904951
301010103,42,POINT (-80.1734149667 37.2510580166),DGIF006770,262.0919,261.994,261.994,14,5/2/1993,1.000373673
301010103,44,POINT (-80.175109805 37.2530717931),DGIF006777,3.4641,3.261,3.261,3,5/1/1994,1.062281509
301010103,28,POINT (-80.173213146 37.2512197072),DGIF008441,265.7861,265.205,265.205,2,4/25/1991,1.002191135
301010103,2,POINT (-80.03916927 37.2716608321),DGIF010559,316.3468,311.681,311.681,19,4/18/1975,1.014969793
301010103,7,POINT (-80.137784166 37.2552756772),DGIF010565,272.0965,271.781,271.781,11,3/24/1979,1.001160861
301010103,8,POINT (-80.172007471 37.2521757802),DGIF010568,265.7861,265.205,265.205,14,3/26/1979,1.002191135
301010103,1,POINT (-80.192786102 37.2344444611),DGIF010570,256.9455,257.437,257.437,12,3/17/1974,0.998090795
301010103,9,POINT (-80.208894748 37.2366624621),DGIF010665,256.3697,257.01,257.01,14,4/29/1979,0.997508657
301010103,4,POINT (-80.17500446 37.2472209711),DGIF010666,262.0919,261.994,261.994,8,6/16/1976,1.000373673
301010103,3,POINT (-80.044728143 37.3333244261),DGIF010671,22.2555,27.144,27.144,10,6/12/1975,0.819904951
301010103,15,POINT (-80.029454195 37.2763859672),DGIF011031,29.4864,34.643,34.643,15,8/6/1986,0.851150305
301010103,13,POINT (-80.030555879 37.297775852),DGIF011032,29.4864,34.643,34.643,17,8/6/1986,0.851150305
301010103,12,POINT (-80.040287232 37.3274926131),DGIF011033,23.7858,28.909,28.909,14,8/6/1986,0.822781833
301010103,11,POINT (-80.047502111 37.3549978891),DGIF011034,22.2555,27.144,27.144,18,8/6/1986,0.819904951
301010103,14,POINT (-80.080558679 37.3747202071),DGIF011035,12.3332,15.439,15.439,14,8/6/1986,0.798834121
301010103,16,POINT (-80.093340492 37.3702759581),DGIF011036,9.7426,12.467,12.467,14,8/6/1986,0.781471084
301010103,47,POINT (-80.176071316 37.2445061691),DGIF051703,262.0919,261.994,261.994,12,4/19/1996,1.000373673
301010103,46,POINT (-80.176621869 37.2436446531),DGIF053203,262.0919,261.994,261.994,19,4/23/1995,1.000373673
301010103,59,POINT (-80.029253761 37.2726706091),DGIF054800,29.4864,34.643,34.643,4,6/30/1997,0.851150305
301010103,53,POINT (-80.139182922 37.26712119),DGIF054848,281.2543,280.361,280.361,8,9/30/1996,1.003186249
301010103,56,POINT (-80.176850675 37.243339768),DGIF054856,262.0919,261.994,261.994,6,4/16/1997,1.000373673
301010103,52,POINT (-80.025761631 37.267963718),DGIF055110,317.5543,312.761,312.761,1,8/5/1996,1.01532576
301010103,49,POINT (-80.05209802 37.2758754042),DGIF055111,312.9761,308.517,308.517,1,7/1/1996,1.014453336
301010103,48,POINT (-80.06257624 37.2840713492),DGIF055112,306.1559,302.057,302.057,1,6/26/1996,1.013569955
301010103,51,POINT (-80.100790988 37.2796085112),DGIF055113,297.6354,294.762,294.762,1,7/13/1996,1.009748204
301010103,50,POINT (-80.105932546 37.2778717181),DGIF055114,295.7645,293.314,293.314,1,7/6/1996,1.008354528
301010103,62,POINT (-80.03019598 37.2968084229),DGIF055388,29.4864,34.643,34.643,3,7/18/1997,0.851150305
301010103,65,POINT (-80.029289781 37.2742573462),DGIF055389,29.4864,34.643,34.643,1,7/25/1997,0.851150305
301010103,68,POINT (-80.025478086 37.2680875779),DGIF056144,317.5543,312.761,312.761,1,10/10/1997,1.01532576
301010103,72,POINT (-80.062505252 37.2888841962),DGIF056202,4.2627,5.285,5.285,7,5/21/1998,0.806565752
301010103,73,POINT (-80.134716712 37.2533333212),DGIF056203,4.9931,6.5,6.5,8,5/26/1998,0.768169231
301010103,74,POINT (-80.091655202 37.2861098862),DGIF056204,1.677,1.631,1.631,9,5/28/1998,1.028203556
301010103,75,POINT (-80.108333626 37.3611057541),DGIF056209,0.3381,0.381,0.381,10,6/10/1998,0.887401575
301010103,77,POINT (-80.058331275 37.3666582711),DGIF056219,15.3511,18.953,18.953,15,7/8/1998,0.809956208
301010103,71,POINT (-80.175246937 37.2456632372),DGIF057989,262.0919,261.994,261.994,14,4/24/1998,1.000373673
301010103,83,POINT (-80.071657968 37.2839896952),DGIF058020,304.8879,300.925,300.925,24,9/14/1998,1.013169062
301010103,58,POINT (-80.050308549 37.2755636022),DGIF058021,312.9761,308.517,308.517,20,6/27/1997,1.014453336
301010103,66,POINT (-80.107277669 37.2776294822),DGIF058024,295.7645,293.314,293.314,25,9/26/1997,1.008354528
301010103,84,POINT (-80.027283207 37.265407275),DGIF058026,317.5543,312.761,312.761,23,9/18/1998,1.01532576
301010103,63,POINT (-80.024535602 37.268584592),DGIF058028,317.5543,312.761,312.761,23,7/18/1997,1.01532576
301010103,64,POINT (-80.092860287 37.2825135692),DGIF058041,297.6354,294.762,294.762,24,7/23/1997,1.009748204
301010103,102,POINT (-80.102637656 37.2789284485),DGIF058217,297.6354,294.762,294.762,5,10/19/1999,1.009748204
301010103,99,POINT (-80.054278969 37.2764517102),DGIF058219,312.9761,308.517,308.517,3,7/7/1999,1.014453336
301010103,98,POINT (-80.030789879 37.2777760332),DGIF058235,29.4864,34.643,34.643,4,7/7/1999,0.851150305
301010103,90,POINT (-80.198651688 37.2330420541),DGIF059454,256.3697,257.01,257.01,14,6/3/1999,0.997508657
301010103,91,POINT (-80.208736837 37.2366704211),DGIF059455,256.3697,257.01,257.01,8,6/4/1999,0.997508657
301010103,89,POINT (-80.175148615 37.2453741032),DGIF059531,262.0919,261.994,261.994,11,4/24/1999,1.000373673
301010103,103,POINT (-80.1977703845 37.2331514921),DGIF064335,256.3697,257.01,257.01,19,4/8/2000,0.997508657
301010103,104,POINT (-80.200952841 37.235101625),DGIF064336,256.3697,257.01,257.01,11,5/23/2000,0.997508657
301010103,105,POINT (-80.207583494 37.2365070816),DGIF064338,256.3697,257.01,257.01,16,5/29/2000,0.997508657
301010103,114,POINT (-80.0515972819 37.2757639995),DGIF064361,312.9761,308.517,308.517,21,10/23/2000,1.014453336
301010103,107,POINT (-80.0271350378 37.2662336902),DGIF064363,317.5543,312.761,312.761,23,7/12/2000,1.01532576
301010103,108,POINT (-80.0601792665 37.2828449895),DGIF064366,310.7223,306.611,306.611,25,7/14/2000,1.013408847
301010103,109,POINT (-80.1062380864 37.2777940533),DGIF064367,295.7645,293.314,293.314,20,7/18/2000,1.008354528
301010103,117,POINT (-80.0250077422 37.2686524039),DGIF064370,317.5543,312.761,312.761,20,10/30/2000,1.01532576
301010103,111,POINT (-80.0923152617 37.2824870348),DGIF064371,297.6354,294.762,294.762,22,7/27/2000,1.009748204
301010103,54,POINT (-80.135435718 37.2575120422),DGIF064741,277.6748,277.562,277.562,8,10/20/1996,1.000406396
301010103,118,POINT (-80.208609694 37.2380487201),DGIF065178,1.464,1.284,1.284,8,7/5/2001,1.140186916
301010103,120,POINT (-80.176754604 37.2438799401),DGIF300380,262.0919,261.994,261.994,13,4/20/2002,1.000373673
301010103,123,POINT (-80.030187535 37.295708666),DGIF301554,29.4864,34.643,34.643,4,12/18/2002,0.851150305
301010103,124,POINT (-80.167038957 37.2333647461),DGIF302142,3.7811,5.612,5.612,16,4/19/2003,0.673752673
301010103,160,POINT (-80.105804218 37.2782313062),DGIF303399,295.7645,293.314,293.314,22,7/18/2007,1.008354528
301010103,126,POINT (-80.025294869 37.268302403),DGIF303401,317.5543,312.761,312.761,16,8/27/2003,1.01532576
301010103,158,POINT (-80.052908119 37.2760351253),DGIF303403,312.9761,308.517,308.517,25,7/12/2007,1.014453336
301010103,128,POINT (-80.093915516 37.2819988462),DGIF303404,297.6354,294.762,294.762,19,9/9/2003,1.009748204
301010103,129,POINT (-80.060708393 37.2827855842),DGIF303406,310.7223,306.611,306.611,13,9/11/2003,1.013408847
301010103,130,POINT (-80.02888434 37.2654294349),DGIF303410,317.5543,312.761,312.761,17,9/18/2003,1.01532576
301010103,121,POINT (-80.137974305 37.2554122712),DGIF304317,272.0965,271.781,271.781,4,5/29/2002,1.001160861
301010103,122,POINT (-80.116391918 37.2718027621),DGIF304326,288.4043,286.451,286.451,3,7/23/2002,1.006818967
301010103,139,POINT (-80.114364718 37.2754021981),DGIF308309,288.4043,286.451,286.451,4,8/18/2004,1.006818967
301010103,136,POINT (-80.106237173 37.2778650051),DGIF310868,295.7645,293.314,293.314,19,8/3/2004,1.008354528
301010103,135,POINT (-80.094231331 37.2820012632),DGIF310872,297.6354,294.762,294.762,20,7/23/2004,1.009748204
301010103,131,POINT (-80.060234672 37.2827818232),DGIF310873,310.7223,306.611,306.611,22,10/8/2003,1.013408847
301010103,137,POINT (-80.053235296 37.2760287283),DGIF310874,312.9761,308.517,308.517,18,8/4/2004,1.014453336
301010103,144,POINT (-80.029438003 37.2758900721),DGIF316427,29.4864,34.643,34.643,4,6/7/2006,0.851150305
301010103,143,POINT (-80.088471288 37.2863377962),DGIF316429,6.2597,6.541,6.541,3,6/6/2006,0.956994343
301010103,142,POINT (-80.101857723 37.2790667612),DGIF316447,297.6354,294.762,294.762,7,6/5/2006,1.009748204
301010103,141,POINT (-80.104802455 37.2780524692),DGIF316803,295.7645,293.314,293.314,24,7/21/2005,1.008354528
301010103,151,POINT (-80.106453915 37.2776593212),DGIF317962,295.7645,293.314,293.314,21,7/31/2006,1.008354528
301010103,147,POINT (-80.093938507 37.2819629662),DGIF317963,297.6354,294.762,294.762,22,7/13/2006,1.009748204
301010103,148,POINT (-80.060742455 37.2827678262),DGIF317964,310.7223,306.611,306.611,18,7/18/2006,1.013408847
301010103,154,POINT (-80.052941614 37.2760624342),DGIF317965,312.9761,308.517,308.517,24,9/12/2006,1.014453336
301010103,146,POINT (-80.028940259 37.2654659489),DGIF317966,317.5543,312.761,312.761,14,7/13/2006,1.01532576
301010103,156,POINT (-80.024635117 37.267864302),DGIF317967,317.5543,312.761,312.761,24,9/19/2006,1.01532576
301010103,152,POINT (-80.105837627 37.2782676142),DGIF317990,295.7645,293.314,293.314,19,9/11/2006,1.008354528
301010103,166,POINT (-80.028884224 37.2654384479),DGIF319853,317.5543,312.761,312.761,20,9/21/2007,1.01532576
301010103,167,POINT (-80.024623492 37.267891248),DGIF319857,317.5543,312.761,312.761,22,9/21/2007,1.01532576
301010103,168,POINT (-80.197206854 37.2332215621),DGIF320076,256.3697,257.01,257.01,10,10/2/2007,0.997508657
601010203,117,POINT (-81.47 36.856908),6CHUT000.07,3.9878,6.023,6.023,9,8/31/2007,0.662095301
601010203,20,POINT (-81.62221935 36.8068603121),DGIF001875,131.4294,174.092,174.092,6,4/23/1990,0.754942215
601010203,21,POINT (-81.798551867 36.7384668321),DGIF002425,15.5343,20.565,20.565,9,4/15/1991,0.755375638
601010203,23,POINT (-81.43826375 36.874570433),DGIF002426,1.293,1.879,1.879,7,4/16/1991,0.688131985
601010203,24,POINT (-81.73118733 36.7731741111),DGIF002427,11.2455,14.85,14.85,8,4/17/1991,0.757272727
601010203,22,POINT (-81.373985355 36.8842375802),DGIF002428,13.2509,17.52,17.52,4,4/16/1991,0.756329909
601010203,25,POINT (-81.866143116 36.7173953231),DGIF002429,7.2747,10.468,10.468,7,4/18/1991,0.694946504
601010203,26,POINT (-81.483934727 36.8521988889),DGIF006702,59.9879,85.362,85.362,6,4/22/1993,0.702747124
601010203,41,POINT (-81.488637821 36.8491777282),DGIF006775,61.3538,87.134,87.134,9,4/29/1994,0.704131568
601010203,29,POINT (-81.817772331 36.711102588),DGIF008124,2.5037,3.177,3.177,18,4/25/1994,0.788070507
601010203,49,POINT (-81.439167244 36.8697171552),DGIF008125,14.6892,21.289,21.289,12,6/20/1995,0.689990136
601010203,32,POINT (-81.372506397 36.8847109931),DGIF008126,13.2509,17.52,17.52,8,4/26/1994,0.756329909
601010203,37,POINT (-81.731662034 36.7736039011),DGIF008127,11.2455,14.85,14.85,16,4/27/1994,0.757272727
601010203,38,POINT (-81.796948511 36.7372155091),DGIF008128,15.5343,20.565,20.565,16,4/27/1994,0.755375638
601010203,33,POINT (-81.831381162 36.7230430761),DGIF008129,7.2348,10.059,10.059,6,4/27/1994,0.719236505
601010203,40,POINT (-81.865007053 36.7169348161),DGIF008130,7.2747,10.468,10.468,7,4/28/1994,0.694946504
601010203,42,POINT (-81.501666761 36.8244319352),DGIF008152,11.0343,17.3,17.3,6,6/1/1994,0.637820809
601010203,36,POINT (-81.797176316 36.7375835901),DGIF008717,15.5343,20.565,20.565,17,4/27/1994,0.755375638
601010203,55,POINT (-81.797232405 36.7375922291),DGIF008718,15.5343,20.565,20.565,12,6/21/1995,0.755375638
601010203,35,POINT (-81.831323234 36.7228631851),DGIF008719,7.2348,10.059,10.059,6,4/27/1994,0.719236505
601010203,39,POINT (-81.865698407 36.7176780161),DGIF008726,7.2747,10.468,10.468,8,4/28/1994,0.694946504
601010203,59,POINT (-81.86569871 36.7177050581),DGIF008727,7.2747,10.468,10.468,8,6/25/1995,0.694946504
601010203,53,POINT (-81.538524247 36.8325553041),DGIF008730,18.0432,25.504,25.504,17,6/20/1995,0.707465496
601010203,34,POINT (-81.732044621 36.7737728281),DGIF008731,11.2455,14.85,14.85,17,4/27/1994,0.757272727
601010203,58,POINT (-81.732122025 36.7736641752),DGIF008732,11.2455,14.85,14.85,9,6/21/1995,0.757272727
601010203,64,POINT (-81.679394156 36.7970188052),DGIF008744,153.1337,200.978,200.978,25,6/27/1995,0.761942601
601010203,62,POINT (-81.892973009 36.6933619801),DGIF008745,359.1373,292.399,292.399,31,6/26/1995,1.228243941
601010203,47,POINT (-81.374271482 36.8830827892),DGIF008747,13.2509,17.52,17.52,6,6/19/1995,0.756329909
601010203,54,POINT (-81.600463658 36.8402997651),DGIF008773,11.6768,16.128,16.128,10,6/20/1995,0.724007937
601010203,65,POINT (-81.397269086 36.9143253222),DGIF008800,6.881,10.483,10.483,1,7/6/1995,0.65639607
601010203,70,POINT (-81.893506601 36.6930424591),DGIF009087,359.1373,292.399,292.399,5,5/21/1996,1.228243941
601010203,5,POINT (-81.894175124 36.6927760111),DGIF010819,359.1373,292.399,292.399,29,9/12/1973,1.228243941
601010203,4,POINT (-81.616672585 36.8183289621),DGIF010820,131.4294,174.092,174.092,15,9/6/1973,0.754942215
601010203,3,POINT (-81.593338458 36.8180510392),DGIF010821,111.5598,156.127,156.127,17,9/6/1973,0.71454521
601010203,1,POINT (-81.405565589 36.9080500902),DGIF010865,6.881,10.483,10.483,6,8/29/1972,0.65639607
601010203,6,POINT (-81.441398187 36.8791653723),DGIF010866,0.9549,1.397,1.397,14,6/15/1976,0.683536149
601010203,7,POINT (-81.398063898 36.874991343),DGIF010868,24.3866,33.066,33.066,9,6/15/1976,0.737512853
601010203,2,POINT (-81.512785414 36.8388802971),DGIF010872,65.3868,92.362,92.362,16,4/14/1973,0.707940495
601010203,13,POINT (-81.818896164 36.7136099961),DGIF011389,328.4861,252.996,252.996,19,6/15/1986,1.298384559
601010203,11,POINT (-81.774733075 36.7477743071),DGIF011493,187.0437,243.426,243.426,20,6/15/1986,0.768380124
601010203,14,POINT (-81.621677432 36.80777364),DGIF011494,131.4294,174.092,174.092,10,6/15/1986,0.754942215
601010203,12,POINT (-81.585004007 36.8219416482),DGIF011495,111.5598,156.127,156.127,20,6/15/1986,0.71454521
601010203,16,POINT (-81.359174225 36.8869426271),DGIF011496,9.9112,12.475,12.475,12,5/31/1987,0.79448497
601010203,15,POINT (-81.439175045 36.874999777),DGIF011497,1.293,1.879,1.879,15,5/31/1987,0.688131985
601010203,8,POINT (-81.599175869 36.8405496612),DGIF011498,11.6768,16.128,16.128,14,5/31/1986,0.724007937
601010203,17,POINT (-81.732232898 36.7747182212),DGIF011499,11.2455,14.85,14.85,15,5/31/1987,0.757272727
601010203,10,POINT (-81.801390225 36.7399982952),DGIF011501,15.5343,20.565,20.565,14,5/31/1986,0.755375638
601010203,18,POINT (-81.83167314 36.7241588701),DGIF011502,7.2348,10.059,10.059,7,5/31/1987,0.719236505
601010203,19,POINT (-81.832779614 36.724998524),DGIF011551,7.2348,10.059,10.059,7,7/4/1989,0.719236505
601010203,45,POINT (-81.488660426 36.8492046792),DGIF050023,61.3538,87.134,87.134,5,8/1/1994,0.704131568
601010203,69,POINT (-81.676211765 36.811145047),DGIF050451,7.2532,10.315,10.315,12,5/13/1996,0.703170141
601010203,67,POINT (-81.834393782 36.7251494841),DGIF050452,7.2348,10.059,10.059,6,5/1/1996,0.719236505
601010203,66,POINT (-81.865745619 36.7178940281),DGIF050454,7.2747,10.468,10.468,8,5/1/1996,0.694946504
601010203,68,POINT (-81.732469399 36.7748429721),DGIF050455,11.2455,14.85,14.85,15,5/13/1996,0.757272727
601010203,75,POINT (-81.619850307 36.8119660371),DGIF050457,131.4294,174.092,174.092,23,5/23/1996,0.754942215
601010203,72,POINT (-81.629305603 36.8070303642),DGIF050458,137.0264,180.032,180.032,28,5/22/1996,0.761122467
601010203,73,POINT (-81.633888927 36.809548189),DGIF050459,137.0264,180.032,180.032,26,5/22/1996,0.761122467
601010203,50,POINT (-81.599012677 36.8397571861),DGIF051076,11.6768,16.128,16.128,11,6/20/1995,0.724007937
601010203,57,POINT (-81.79725294 36.7374117961),DGIF051077,15.5343,20.565,20.565,12,6/21/1995,0.755375638
601010203,51,POINT (-81.439266166 36.8732776221),DGIF051080,14.6892,21.289,21.289,12,6/20/1995,0.689990136
601010203,52,POINT (-81.536839174 36.8321302151),DGIF051081,18.0432,25.504,25.504,17,6/20/1995,0.707465496
601010203,56,POINT (-81.730826558 36.7729419432),DGIF051082,11.2455,14.85,14.85,9,6/21/1995,0.757272727
601010203,48,POINT (-81.373977706 36.8826690342),DGIF051088,13.2509,17.52,17.52,7,6/19/1995,0.756329909
601010203,63,POINT (-81.679169435 36.7969569851),DGIF051089,153.1337,200.978,200.978,27,6/27/1995,0.761942601
601010203,60,POINT (-81.893818843 36.6929409521),DGIF051090,359.1373,292.399,292.399,33,6/26/1995,1.228243941
601010203,46,POINT (-81.431134631 36.859830312),DGIF051095,6.0179,10.52,10.52,8,6/19/1995,0.572043726
601010203,61,POINT (-81.818429118 36.71180123),DGIF051097,2.5037,3.177,3.177,7,6/26/1995,0.788070507
601010203,77,POINT (-81.617025417 36.8175879201),DGIF055194,131.4294,174.092,174.092,3,6/18/1997,0.754942215
601010203,78,POINT (-81.514149993 36.8718323692),DGIF055195,2.7692,3.941,3.941,4,6/18/1997,0.702664298
601010203,79,POINT (-81.686690133 36.7918925701),DGIF055200,160.6837,210.564,210.564,3,6/19/1997,0.763110978
601010203,44,POINT (-81.493012947 36.9016614991),DGIF055228,1.055,1.695,1.695,1,6/29/1994,0.622418879
601010203,43,POINT (-81.466093932 36.9029330532),DGIF055229,1.2777,1.941,1.941,1,6/24/1994,0.658268934
601010203,81,POINT (-81.511500943 36.837984352),DGIF056145,65.3868,92.362,92.362,2,5/15/1998,0.707940495
601010203,84,POINT (-81.425565802 36.8471398944),DGIF057673,6.0179,10.52,10.52,15,9/14/1998,0.572043726
601010203,86,POINT (-81.730004352 36.7724962531),DGIF058625,11.2455,14.85,14.85,9,6/23/1999,0.757272727
601010203,85,POINT (-81.73166212 36.7736129151),DGIF058626,11.2455,14.85,14.85,17,4/15/1999,0.757272727
601010203,82,POINT (-81.623879124 36.8069417641),DGIF059417,131.4294,174.092,174.092,31,6/25/1998,0.754942215
601010203,87,POINT (-81.72972424 36.7724979711),DGIF067586,11.2455,14.85,14.85,13,5/10/2000,0.757272727
601010203,90,POINT (-81.599164654 36.8405497182),DGIF067592,11.6768,16.128,16.128,15,7/25/2000,0.724007937
601010203,89,POINT (-81.537501407 36.8322173711),DGIF067593,18.0432,25.504,25.504,20,7/25/2000,0.707465496
601010203,91,POINT (-81.679158067 36.7969390202),DGIF067594,153.1337,200.978,200.978,27,7/26/2000,0.761942601
601010203,99,POINT (-81.597355993 36.82718092),DGIF303080,111.5598,156.127,156.127,3,4/22/2003,0.71454521
601010203,100,POINT (-81.530563277 36.852180202),DGIF303081,18.0432,25.504,25.504,9,4/22/2003,0.707465496
601010203,101,POINT (-81.529068521 36.8533858271),DGIF303082,18.0432,25.504,25.504,3,4/22/2003,0.707465496
601010203,102,POINT (-81.470063821 36.862080657),DGIF303083,59.9879,85.362,85.362,5,4/24/2003,0.702747124
601010203,104,POINT (-81.404473888 36.8819831862),DGIF303084,0.7377,1.086,1.086,2,4/24/2003,0.679281768
601010203,107,POINT (-81.393072139 36.8861862671),DGIF303085,1.8226,2.629,2.629,1,4/24/2003,0.693267402
601010203,106,POINT (-81.389372948 36.88698273),DGIF303086,1.8226,2.629,2.629,1,4/24/2003,0.693267402
601010203,105,POINT (-81.366673422 36.8945822671),DGIF303087,5.5088,7.472,7.472,3,4/24/2003,0.737259101
601010203,103,POINT (-81.597358236 36.83468119),DGIF303090,3.6066,4.806,4.806,10,4/24/2003,0.750436954
601010203,115,POINT (-81.617005744 36.8179305841),DGIF304289,131.4294,174.092,174.092,4,7/24/2007,0.754942215
601010203,96,POINT (-81.515318087 36.8720166192),DGIF304294,2.7692,3.941,3.941,3,8/27/2002,0.702664298
601010203,92,POINT (-81.893770839 36.6926618541),DGIF304359,359.1373,292.399,292.399,35,4/23/2002,1.228243941
601010203,94,POINT (-81.797104181 36.7371062891),DGIF304361,15.5343,20.565,20.565,11,5/2/2002,0.755375638
601010203,93,POINT (-81.731829076 36.7734946961),DGIF304366,11.2455,14.85,14.85,13,5/1/2002,0.757272727
601010203,108,POINT (-81.615764145 36.8392839641),DGIF312204,0.8371,1.154,1.154,11,7/8/2005,0.725389948
601010203,109,POINT (-81.591856926 36.8687843951),DGIF312205,5.4581,7.854,7.854,1,7/8/2005,0.694945251
601010203,113,POINT (-81.525997556 36.8832111892),DGIF312397,10.0717,14.975,14.975,1,6/9/2007,0.672567613
601010203,98,POINT (-81.776080061 36.7513894751),DGIF315526,187.0437,243.426,243.426,13,4/4/2003,0.768380124
601010203,112,POINT (-81.515295648 36.8720167162),DGIF319706,2.7692,3.941,3.941,5,6/6/2007,0.702664298
601010203,116,POINT (-81.893759751 36.6926709521),DGIF321109,359.1373,292.399,292.399,29,7/31/2007,1.228243941
601010203,83,POINT (-81.6220617274 36.8073375588),USGS03474000,131.4294,174.092,174.092,32,6/25/1998,0.754942215
601010203,28,POINT (-81.44667 36.90037),VA528S,1.5703,2.401,2.401,1,6/27/1993,0.654019159
601010203,27,POINT (-81.43944 36.89444),VAR11S,12.0517,17.622,17.622,6,6/27/1993,0.683900806
