,pctchg,month,ifim_site,hab_chg,custom_taxachg,custom_tag,custom_huc_unit,custom_huc,custom_x,custom_m,custom_b,huc8_taxachg,huc8_tag,huc8
1,10,MAF,Dunlap,-1.317052407,-1.911782305,bpj_q50,huc10,208020103,193.252,4.1575,1.0274,-0.588843999,bpj-huc6bp-rcc,2080201
3,10,MAF,Plains Mill,0.306282252,-1.492445966,bpj-huc6bp-rcc,huc8,2070006,314.966,4.0593,5.306,-1.492445966,bpj-huc6bp-rcc,2070006
4,10,MAF,North Anna Piedmont,-1.361623164,-1.250615731,bpj_530_icthy,huc10,208010608,374.153,1.8815,4.7038,-0.934225656,bpj-huc6bp-rcc,2080106
5,10,MAF,North Anna Fall Zone,-4.027877042,-1.240493689,bpj_530_icthy,huc10,208010608,400.778,1.8815,4.7038,-0.928565686,bpj-huc6bp-rcc,2080106
6,10,MAF,North Anna Coastal Plain,-2.860632874,-1.243621313,bpj_530_icthy,huc10,208010608,392.308,1.8815,4.7038,-0.930317046,bpj-huc6bp-rcc,2080106
2,10,MAF,Craig,1.186810214,-1.171075269,bpj_530_icthy,huc10,208020112,410.75,1.8595,5.5393,-0.565033843,bpj-huc6bp-rcc,2080201
11,10,Jan,Dunlap,1.143357724,-2.573252077,bpj_q50,huc10,208020103,193.252,4.8636,-5.6882,-0.678641891,bpj-huc6bp-rcc,2080201
31,10,Jan,Plains Mill,4.070586696,-1.791498435,bpj-huc6bp-rcc,huc8,2070006,314.966,4.1741,0.5371,-1.791498435,bpj-huc6bp-rcc,2070006
41,10,Jan,North Anna Piedmont,1.150363411,-1.392658057,bpj_530_icthy,huc10,208010608,374.153,1.9494,3.1985,-1.116434984,bpj-huc6bp-rcc,2080106
51,10,Jan,North Anna Fall Zone,0.050267228,-1.380117689,bpj_530_icthy,huc10,208010608,400.778,1.9494,3.1985,-1.108361434,bpj-huc6bp-rcc,2080106
61,10,Jan,North Anna Coastal Plain,1.52364805,-1.383990095,bpj_530_icthy,huc10,208010608,392.308,1.9494,3.1985,-1.110857589,bpj-huc6bp-rcc,2080106
21,10,Jan,Craig,2.035527907,-1.255184414,bpj_530_icthy,huc10,208020112,410.75,1.8474,4.3895,-0.647209799,bpj-huc6bp-rcc,2080201
12,10,Feb,Dunlap,2.480299916,-3.811671805,bpj_q50,huc10,208020103,193.252,6.2526,-15.6305,-0.787754946,bpj-huc6bp-rcc,2080201
32,10,Feb,Plains Mill,7.758000472,-2.351311937,bpj-huc6bp-rcc,huc8,2070006,314.966,5.2147,-6.6307,-2.351311937,bpj-huc6bp-rcc,2070006
42,10,Feb,North Anna Piedmont,1.649898629,-1.363847061,bpj_530_icthy,huc10,208010608,374.153,1.726,3.1078,-1.286385496,bpj-huc6bp-rcc,2080106
52,10,Feb,North Anna Fall Zone,0.466857517,-1.351817949,bpj_530_icthy,huc10,208010608,400.778,1.726,3.1078,-1.275678637,bpj-huc6bp-rcc,2080106
62,10,Feb,North Anna Coastal Plain,6.416517429,-1.35553296,bpj_530_icthy,huc10,208010608,392.308,1.726,3.1078,-1.278986435,bpj-huc6bp-rcc,2080106
22,10,Feb,Craig,2.992672648,-1.270791344,bpj_530_icthy,huc10,208020112,410.75,1.6937,3.8497,-0.745715971,bpj-huc6bp-rcc,2080201
13,10,Mar,Dunlap,3.370450585,-3.063018828,bpj_q50,huc10,208020103,193.252,4.8394,-8.8282,-0.702835833,bpj-huc6bp-rcc,2080201
33,10,Mar,Plains Mill,15.07830162,-2.341605534,bpj-huc6bp-rcc,huc8,2070006,314.966,5.26,-6.5906,-2.341605534,bpj-huc6bp-rcc,2070006
43,10,Mar,North Anna Piedmont,5.149910514,-1.540138286,bpj_530_icthy,huc10,208010608,374.153,2.0254,1.8559,-1.246949609,bpj-huc6bp-rcc,2080106
53,10,Mar,North Anna Fall Zone,1.287962528,-1.524815886,bpj_530_icthy,huc10,208010608,400.778,2.0254,1.8559,-1.236886586,bpj-huc6bp-rcc,2080106
63,10,Mar,North Anna Coastal Plain,8.823978371,-1.529544254,bpj_530_icthy,huc10,208010608,392.308,2.0254,1.8559,-1.239996024,bpj-huc6bp-rcc,2080106
23,10,Mar,Craig,3.838929264,-1.332308913,bpj_530_icthy,huc10,208020112,410.75,1.8176,3.4355,-0.669178226,bpj-huc6bp-rcc,2080201
14,10,Apr,Dunlap,2.390942094,-2.073826787,bpj_q50,huc10,208020103,193.252,4.1388,-0.7595,-0.666459975,bpj-huc6bp-rcc,2080201
34,10,Apr,Plains Mill,11.05564331,-1.566558721,bpj-huc6bp-rcc,huc8,2070006,314.966,4.0615,3.9524,-1.566558721,bpj-huc6bp-rcc,2070006
44,10,Apr,North Anna Piedmont,1.228803677,-1.305540984,bpj_530_icthy,huc10,208010608,374.153,1.8593,3.9893,-0.969539966,bpj-huc6bp-rcc,2080106
54,10,Apr,North Anna Fall Zone,0.221152834,-1.294514247,bpj_530_icthy,huc10,208010608,400.778,1.8593,3.9893,-0.963445404,bpj-huc6bp-rcc,2080106
64,10,Apr,North Anna Coastal Plain,6.117000393,-1.297920577,bpj_530_icthy,huc10,208010608,392.308,1.8593,3.9893,-0.965330941,bpj-huc6bp-rcc,2080106
24,10,Apr,Craig,2.857112157,-1.223393333,bpj_530_icthy,huc10,208020112,410.75,1.8419,4.7782,-0.636120971,bpj-huc6bp-rcc,2080201
15,10,May,Dunlap,1.125565102,-1.756212805,bpj_q50,huc10,208020103,193.252,3.5732,2.6274,-0.601916729,bpj-huc6bp-rcc,2080201
35,10,May,Plains Mill,7.042153405,-1.539502399,bpj-huc6bp-rcc,huc8,2070006,314.966,4.191,4.5738,-1.539502399,bpj-huc6bp-rcc,2070006
45,10,May,North Anna Piedmont,0.373432667,-1.190114765,bpj_530_icthy,huc10,208010608,374.153,1.6431,4.8115,-0.937335765,bpj-huc6bp-rcc,2080106
55,10,May,North Anna Fall Zone,0.019445486,-1.180944791,bpj_530_icthy,huc10,208010608,400.778,1.6431,4.8115,-0.931638163,bpj-huc6bp-rcc,2080106
65,10,May,North Anna Coastal Plain,1.328873933,-1.183779001,bpj_530_icthy,huc10,208010608,392.308,1.6431,4.8115,-0.933401143,bpj-huc6bp-rcc,2080106
25,10,May,Craig,2.249946959,-1.182304056,bpj_530_icthy,huc10,208020112,410.75,1.8643,5.3943,-0.577059948,bpj-huc6bp-rcc,2080201
16,10,Jun,Dunlap,-1.178369837,-1.753236381,bpj_q50,huc10,208020103,193.252,3.7712,2.8114,-0.568148039,bpj-huc6bp-rcc,2080201
36,10,Jun,Plains Mill,-0.990458639,-1.395626409,bpj-huc6bp-rcc,huc8,2070006,314.966,3.8153,6.8556,-1.395626409,bpj-huc6bp-rcc,2070006
46,10,Jun,North Anna Piedmont,-1.370267415,-1.14967087,bpj_530_icthy,huc10,208010608,374.153,1.7986,5.827,-0.738744105,bpj-huc6bp-rcc,2080106
56,10,Jun,North Anna Fall Zone,-4.023930057,-1.141111314,bpj_530_icthy,huc10,208010608,400.778,1.7986,5.827,-0.735200466,bpj-huc6bp-rcc,2080106
66,10,Jun,North Anna Coastal Plain,-2.980514492,-1.143757337,bpj_530_icthy,huc10,208010608,392.308,1.7986,5.827,-0.736297932,bpj-huc6bp-rcc,2080106
26,10,Jun,Craig,0.40231794,-1.117069475,bpj_530_icthy,huc10,208020112,410.75,1.8411,6.2853,-0.545950623,bpj-huc6bp-rcc,2080201
17,10,Jul,Dunlap,-4.121582195,-1.778742378,bpj_q50,huc10,208020103,193.252,4.5327,2.9885,-0.63627646,bpj-huc6bp-rcc,2080201
37,10,Jul,Plains Mill,-4.89970362,-1.314007405,bpj-huc6bp-rcc,huc8,2070006,314.966,3.897,8.8298,-1.314007405,bpj-huc6bp-rcc,2070006
47,10,Jul,North Anna Piedmont,-1.474352683,-1.124004462,bpj_530_icthy,huc10,208010608,374.153,1.8523,6.3886,-0.733885598,bpj-huc6bp-rcc,2080106
57,10,Jul,North Anna Fall Zone,-4.226649249,-1.115821465,bpj_530_icthy,huc10,208010608,400.778,1.8523,6.3886,-0.730388307,bpj-huc6bp-rcc,2080106
67,10,Jul,North Anna Coastal Plain,-3.448634815,-1.118351373,bpj_530_icthy,huc10,208010608,392.308,1.8523,6.3886,-0.731471442,bpj-huc6bp-rcc,2080106
27,10,Jul,Craig,-0.706915522,-1.10795968,bpj_530_icthy,huc10,208020112,410.75,2.0194,7.0506,-0.608566162,bpj-huc6bp-rcc,2080201
18,10,Aug,Dunlap,-5.232164248,-1.767494655,bpj_q50,huc10,208020103,193.252,4.8593,3.387,-0.574350925,bpj-huc6bp-rcc,2080201
38,10,Aug,Plains Mill,-4.963407324,-1.259374718,bpj-huc6bp-rcc,huc8,2070006,314.966,3.7322,9.7546,-1.259374718,bpj-huc6bp-rcc,2070006
48,10,Aug,North Anna Piedmont,-1.563278009,-1.04582391,bpj_530_icthy,huc10,208010608,374.153,1.719,7.1334,-0.820293183,bpj-huc6bp-rcc,2080106
58,10,Aug,North Anna Fall Zone,-5.228785371,-1.038736078,bpj_530_icthy,huc10,208010608,400.778,1.719,7.1334,-0.815926318,bpj-huc6bp-rcc,2080106
68,10,Aug,North Anna Coastal Plain,-6.207792208,-1.040928164,bpj_530_icthy,huc10,208010608,392.308,1.719,7.1334,-0.817278243,bpj-huc6bp-rcc,2080106
28,10,Aug,Craig,-0.948769848,-1.056413747,bpj_530_icthy,huc10,208020112,410.75,1.934,7.6498,-0.551675844,bpj-huc6bp-rcc,2080201
19,10,Sep,Dunlap,-5.647738227,-1.852441728,bpj_q50,huc10,208020103,193.252,5.1815,2.1952,-0.559276095,bpj-huc6bp-rcc,2080201
39,10,Sep,Plains Mill,-5.175744041,-1.210334852,bpj-huc6bp-rcc,huc8,2070006,314.966,3.3718,9.9556,-1.210334852,bpj-huc6bp-rcc,2070006
49,10,Sep,North Anna Piedmont,-1.590744577,-1.039484921,bpj_530_icthy,huc10,208010608,374.153,1.7147,7.2209,-0.780579076,bpj-huc6bp-rcc,2080106
59,10,Sep,North Anna Fall Zone,-6.272498704,-1.032482463,bpj_530_icthy,huc10,208010608,400.778,1.7147,7.2209,-0.776623796,bpj-huc6bp-rcc,2080106
69,10,Sep,North Anna Coastal Plain,-6.126352993,-1.034648207,bpj_530_icthy,huc10,208010608,392.308,1.7147,7.2209,-0.777848518,bpj-huc6bp-rcc,2080106
29,10,Sep,Craig,-1.204783714,-1.013908426,bpj_530_icthy,huc10,208020112,410.75,1.7602,7.6983,-0.537753385,bpj-huc6bp-rcc,2080201
110,10,Oct,Dunlap,-4.883570322,-1.975793764,bpj_q50,huc10,208020103,193.252,4.795,0.3288,-0.404662024,bpj-huc6bp-rcc,2080201
310,10,Oct,Plains Mill,-4.978973911,-1.041339345,bpj-huc6bp-rcc,huc8,2070006,314.966,2.5424,11.0984,-1.041339345,bpj-huc6bp-rcc,2070006
410,10,Oct,North Anna Piedmont,-1.580427004,-0.996772999,bpj_530_icthy,huc10,208010608,374.153,1.5966,7.417,-0.641824981,bpj-huc6bp-rcc,2080106
510,10,Oct,North Anna Fall Zone,-5.389938298,-0.99033239,bpj_530_icthy,huc10,208010608,400.778,1.5966,7.417,-0.639148476,bpj-huc6bp-rcc,2080106
610,10,Oct,North Anna Coastal Plain,-3.877812828,-0.992324745,bpj_530_icthy,huc10,208010608,392.308,1.5966,7.417,-0.639977751,bpj-huc6bp-rcc,2080106
210,10,Oct,Craig,-0.78665544,-0.94097151,bpj_530_icthy,huc10,208020112,410.75,1.5692,8.1269,-0.393273315,bpj-huc6bp-rcc,2080201
111,10,Nov,Dunlap,-2.843187162,-1.984995939,bpj_q50,huc10,208020103,193.252,4.4401,0.1947,-0.49244981,bpj-huc6bp-rcc,2080201
311,10,Nov,Plains Mill,-3.674906848,-1.290920324,bpj-huc6bp-rcc,huc8,2070006,314.966,3.339,8.0443,-1.290920324,bpj-huc6bp-rcc,2070006
411,10,Nov,North Anna Piedmont,-1.552244672,-1.161509972,bpj_530_icthy,huc10,208010608,374.153,1.7891,5.6291,-0.695531773,bpj-huc6bp-rcc,2080106
511,10,Nov,North Anna Fall Zone,-5.228785371,-1.152773889,bpj_530_icthy,huc10,208010608,400.778,1.7891,5.6291,-0.692389693,bpj-huc6bp-rcc,2080106
611,10,Nov,North Anna Coastal Plain,-3.124821321,-1.155474339,bpj_530_icthy,huc10,208010608,392.308,1.7891,5.6291,-0.693362984,bpj-huc6bp-rcc,2080106
211,10,Nov,Craig,-0.113851792,-0.927378986,bpj_530_icthy,huc10,208020112,410.75,1.4677,7.8421,-0.475686106,bpj-huc6bp-rcc,2080201
112,10,Dec,Dunlap,-0.409849199,-2.08205231,bpj_q50,huc10,208020103,193.252,4.2362,-0.8624,-0.572167379,bpj-huc6bp-rcc,2080201
312,10,Dec,Plains Mill,1.233174526,-1.550700136,bpj-huc6bp-rcc,huc8,2070006,314.966,3.9481,4.1136,-1.550700136,bpj-huc6bp-rcc,2070006
412,10,Dec,North Anna Piedmont,-0.672082302,-1.316324965,bpj_530_icthy,huc10,208010608,374.153,1.9729,4.1026,-0.988793769,bpj-huc6bp-rcc,2080106
512,10,Dec,North Anna Fall Zone,-2.495275554,-1.305116093,bpj_530_icthy,huc10,208010608,400.778,1.9729,4.1026,-0.982455534,bpj-huc6bp-rcc,2080106
612,10,Dec,North Anna Coastal Plain,1.122745649,-1.30857852,bpj_530_icthy,huc10,208010608,392.308,1.9729,4.1026,-0.98441629,bpj-huc6bp-rcc,2080106
212,10,Dec,Craig,1.528754576,-1.076358556,bpj_530_icthy,huc10,208020112,410.75,1.6135,6.0839,-0.549661004,bpj-huc6bp-rcc,2080201
113,20,MAF,Dunlap,-2.743721725,-4.048973093,bpj_q50,huc10,208020103,193.252,4.1575,1.0274,-1.247115586,bpj-huc6bp-rcc,2080201
313,20,MAF,Plains Mill,0.385008638,-3.16085861,bpj-huc6bp-rcc,huc8,2070006,314.966,4.0593,5.306,-3.16085861,bpj-huc6bp-rcc,2070006
413,20,MAF,North Anna Piedmont,-2.89613022,-2.648685172,bpj_530_icthy,huc10,208010608,374.153,1.8815,4.7038,-1.978601084,bpj-huc6bp-rcc,2080106
513,20,MAF,North Anna Fall Zone,-8.523436885,-2.62724765,bpj_530_icthy,huc10,208010608,400.778,1.8815,4.7038,-1.966613807,bpj-huc6bp-rcc,2080106
613,20,MAF,North Anna Coastal Plain,-6.249642642,-2.633871659,bpj_530_icthy,huc10,208010608,392.308,1.8815,4.7038,-1.970323021,bpj-huc6bp-rcc,2080106
213,20,MAF,Craig,2.680337782,-2.480226039,bpj_530_icthy,huc10,208020112,410.75,1.8595,5.5393,-1.196687939,bpj-huc6bp-rcc,2080201
114,20,Jan,Dunlap,1.629684956,-5.449903157,bpj_q50,huc10,208020103,193.252,4.8636,-5.6882,-1.437298979,bpj-huc6bp-rcc,2080201
314,20,Jan,Plains Mill,9.731586743,-3.794223295,bpj-huc6bp-rcc,huc8,2070006,314.966,4.1741,0.5371,-3.794223295,bpj-huc6bp-rcc,2070006
414,20,Jan,North Anna Piedmont,0.962155629,-2.94951731,bpj_530_icthy,huc10,208010608,374.153,1.9494,3.1985,-2.364503111,bpj-huc6bp-rcc,2080106
514,20,Jan,North Anna Fall Zone,0.134005437,-2.922958003,bpj_530_icthy,huc10,208010608,400.778,1.9494,3.1985,-2.347404101,bpj-huc6bp-rcc,2080106
614,20,Jan,North Anna Coastal Plain,3.016356062,-2.93115939,bpj_530_icthy,huc10,208010608,392.308,1.9494,3.1985,-2.35269072,bpj-huc6bp-rcc,2080106
214,20,Jan,Craig,5.206282462,-2.658361209,bpj_530_icthy,huc10,208020112,410.75,1.8474,4.3895,-1.370728798,bpj-huc6bp-rcc,2080201
115,20,Feb,Dunlap,5.238984291,-8.072758356,bpj_q50,huc10,208020103,193.252,6.2526,-15.6305,-1.668390053,bpj-huc6bp-rcc,2080201
315,20,Feb,Plains Mill,14.5790478,-4.97985505,bpj-huc6bp-rcc,huc8,2070006,314.966,5.2147,-6.6307,-4.97985505,bpj-huc6bp-rcc,2070006
415,20,Feb,North Anna Piedmont,3.104361367,-2.888498359,bpj_530_icthy,huc10,208010608,374.153,1.726,3.1078,-2.724442133,bpj-huc6bp-rcc,2080106
515,20,Feb,North Anna Fall Zone,0.619584895,-2.863021845,bpj_530_icthy,huc10,208010608,400.778,1.726,3.1078,-2.701766024,bpj-huc6bp-rcc,2080106
615,20,Feb,North Anna Coastal Plain,4.606749994,-2.870889884,bpj_530_icthy,huc10,208010608,392.308,1.726,3.1078,-2.708771625,bpj-huc6bp-rcc,2080106
215,20,Feb,Craig,6.109133776,-2.691415202,bpj_530_icthy,huc10,208020112,410.75,1.6937,3.8497,-1.579355502,bpj-huc6bp-rcc,2080201
116,20,Mar,Dunlap,7.991668393,-6.487182554,bpj_q50,huc10,208020103,193.252,4.8394,-8.8282,-1.488539448,bpj-huc6bp-rcc,2080201
316,20,Mar,Plains Mill,29.14232555,-4.959297811,bpj-huc6bp-rcc,huc8,2070006,314.966,5.26,-6.5906,-4.959297811,bpj-huc6bp-rcc,2070006
416,20,Mar,North Anna Piedmont,9.388202976,-3.261866407,bpj_530_icthy,huc10,208010608,374.153,2.0254,1.8559,-2.640920674,bpj-huc6bp-rcc,2080106
516,20,Mar,North Anna Fall Zone,2.049681811,-3.229415022,bpj_530_icthy,huc10,208010608,400.778,2.0254,1.8559,-2.619608149,bpj-huc6bp-rcc,2080106
616,20,Mar,North Anna Coastal Plain,18.81193407,-3.239429254,bpj_530_icthy,huc10,208010608,392.308,2.0254,1.8559,-2.626193644,bpj-huc6bp-rcc,2080106
216,20,Mar,Craig,8.560172295,-2.821703562,bpj_530_icthy,huc10,208020112,410.75,1.8176,3.4355,-1.417255838,bpj-huc6bp-rcc,2080201
117,20,Apr,Dunlap,4.423126413,-4.392167893,bpj_q50,huc10,208020103,193.252,4.1388,-0.7595,-1.411498841,bpj-huc6bp-rcc,2080201
317,20,Apr,Plains Mill,18.57083102,-3.317822376,bpj-huc6bp-rcc,huc8,2070006,314.966,4.0615,3.9524,-3.317822376,bpj-huc6bp-rcc,2070006
417,20,Apr,North Anna Piedmont,1.727688228,-2.765011633,bpj_530_icthy,huc10,208010608,374.153,1.8593,3.9893,-2.053393435,bpj-huc6bp-rcc,2080106
517,20,Apr,North Anna Fall Zone,0.306752324,-2.741658054,bpj_530_icthy,huc10,208010608,400.778,1.8593,3.9893,-2.040485733,bpj-huc6bp-rcc,2080106
617,20,Apr,North Anna Coastal Plain,3.067717795,-2.748872336,bpj_530_icthy,huc10,208010608,392.308,1.8593,3.9893,-2.044479121,bpj-huc6bp-rcc,2080106
217,20,Apr,Craig,8.099115587,-2.591030722,bpj_530_icthy,huc10,208020112,410.75,1.8419,4.7782,-1.347243715,bpj-huc6bp-rcc,2080201
118,20,May,Dunlap,1.146196072,-3.719491688,bpj_q50,huc10,208020103,193.252,3.5732,2.6274,-1.274802384,bpj-huc6bp-rcc,2080201
318,20,May,Plains Mill,13.53354329,-3.260519659,bpj-huc6bp-rcc,huc8,2070006,314.966,4.191,4.5738,-3.260519659,bpj-huc6bp-rcc,2070006
418,20,May,North Anna Piedmont,1.076214872,-2.52054988,bpj_530_icthy,huc10,208010608,374.153,1.6431,4.8115,-1.985188,bpj-huc6bp-rcc,2080106
518,20,May,North Anna Fall Zone,0.10155425,-2.501128747,bpj_530_icthy,huc10,208010608,400.778,1.6431,4.8115,-1.973121021,bpj-huc6bp-rcc,2080106
618,20,May,North Anna Coastal Plain,2.96087192,-2.507131334,bpj_530_icthy,huc10,208010608,392.308,1.6431,4.8115,-1.976854844,bpj-huc6bp-rcc,2080106
218,20,May,Craig,5.563755047,-2.504007542,bpj_530_icthy,huc10,208020112,410.75,1.8643,5.3943,-1.222158087,bpj-huc6bp-rcc,2080201
119,20,Jun,Dunlap,-2.681885213,-3.713187903,bpj_q50,huc10,208020103,193.252,3.7712,2.8114,-1.203283509,bpj-huc6bp-rcc,2080201
319,20,Jun,Plains Mill,-1.791363098,-2.955803997,bpj-huc6bp-rcc,huc8,2070006,314.966,3.8153,6.8556,-2.955803997,bpj-huc6bp-rcc,2070006
419,20,Jun,North Anna Piedmont,-2.929817371,-2.434893557,bpj_530_icthy,huc10,208010608,374.153,1.7986,5.827,-1.564589752,bpj-huc6bp-rcc,2080106
519,20,Jun,North Anna Fall Zone,-8.498850893,-2.416765232,bpj_530_icthy,huc10,208010608,400.778,1.7986,5.827,-1.557084662,bpj-huc6bp-rcc,2080106
619,20,Jun,North Anna Coastal Plain,-6.472127817,-2.422369258,bpj_530_icthy,huc10,208010608,392.308,1.7986,5.827,-1.559408991,bpj-huc6bp-rcc,2080106
219,20,Jun,Craig,0.360999543,-2.365846903,bpj_530_icthy,huc10,208020112,410.75,1.8411,6.2853,-1.156271494,bpj-huc6bp-rcc,2080201
120,20,Jul,Dunlap,-9.282316959,-3.76720718,bpj_q50,huc10,208020103,193.252,4.5327,2.9885,-1.347573025,bpj-huc6bp-rcc,2080201
320,20,Jul,Plains Mill,-10.355184,-2.782942708,bpj-huc6bp-rcc,huc8,2070006,314.966,3.897,8.8298,-2.782942708,bpj-huc6bp-rcc,2070006
420,20,Jul,North Anna Piedmont,-3.270278457,-2.380534547,bpj_530_icthy,huc10,208010608,374.153,1.8523,6.3886,-1.554299897,bpj-huc6bp-rcc,2080106
520,20,Jul,North Anna Fall Zone,-10.03923142,-2.363203737,bpj_530_icthy,huc10,208010608,400.778,1.8523,6.3886,-1.546892966,bpj-huc6bp-rcc,2080106
620,20,Jul,North Anna Coastal Plain,-12.35007405,-2.368561841,bpj_530_icthy,huc10,208010608,392.308,1.8523,6.3886,-1.549186945,bpj-huc6bp-rcc,2080106
220,20,Jul,Craig,-1.426000191,-2.346553224,bpj_530_icthy,huc10,208020112,410.75,2.0194,7.0506,-1.28888525,bpj-huc6bp-rcc,2080201
121,20,Aug,Dunlap,-11.08182485,-3.743385574,bpj_q50,huc10,208020103,193.252,4.8593,3.387,-1.216420632,bpj-huc6bp-rcc,2080201
321,20,Aug,Plains Mill,-10.41290033,-2.667235874,bpj-huc6bp-rcc,huc8,2070006,314.966,3.7322,9.7546,-2.667235874,bpj-huc6bp-rcc,2070006
421,20,Aug,North Anna Piedmont,-3.25857134,-2.214955574,bpj_530_icthy,huc10,208010608,374.153,1.719,7.1334,-1.737302943,bpj-huc6bp-rcc,2080106
521,20,Aug,North Anna Fall Zone,-12.20824181,-2.199944218,bpj_530_icthy,huc10,208010608,400.778,1.719,7.1334,-1.728054339,bpj-huc6bp-rcc,2080106
621,20,Aug,North Anna Coastal Plain,-12.67782225,-2.20458685,bpj_530_icthy,huc10,208010608,392.308,1.719,7.1334,-1.730917588,bpj-huc6bp-rcc,2080106
221,20,Aug,Craig,-1.839494259,-2.23738384,bpj_530_icthy,huc10,208020112,410.75,1.934,7.6498,-1.168396968,bpj-huc6bp-rcc,2080201
122,20,Sep,Dunlap,-11.7579726,-3.923295394,bpj_q50,huc10,208020103,193.252,5.1815,2.1952,-1.184493577,bpj-huc6bp-rcc,2080201
322,20,Sep,Plains Mill,-10.85135774,-2.563374102,bpj-huc6bp-rcc,huc8,2070006,314.966,3.3718,9.9556,-2.563374102,bpj-huc6bp-rcc,2070006
422,20,Sep,North Anna Piedmont,-3.332826233,-2.201530198,bpj_530_icthy,huc10,208010608,374.153,1.7147,7.2209,-1.653192242,bpj-huc6bp-rcc,2080106
522,20,Sep,North Anna Fall Zone,-12.78528285,-2.186699656,bpj_530_icthy,huc10,208010608,400.778,1.7147,7.2209,-1.644815335,bpj-huc6bp-rcc,2080106
622,20,Sep,North Anna Coastal Plain,-12.78323158,-2.191286496,bpj_530_icthy,huc10,208010608,392.308,1.7147,7.2209,-1.647409179,bpj-huc6bp-rcc,2080106
222,20,Sep,Craig,-3.550524647,-2.147361613,bpj_530_icthy,huc10,208020112,410.75,1.7602,7.6983,-1.138910525,bpj-huc6bp-rcc,2080201
123,20,Oct,Dunlap,-10.82973576,-4.184543273,bpj_q50,huc10,208020103,193.252,4.795,0.3288,-0.857035679,bpj-huc6bp-rcc,2080201
323,20,Oct,Plains Mill,-10.4777495,-2.205457692,bpj-huc6bp-rcc,huc8,2070006,314.966,2.5424,11.0984,-2.205457692,bpj-huc6bp-rcc,2070006
423,20,Oct,North Anna Piedmont,-3.2743615,-2.111070409,bpj_530_icthy,huc10,208010608,374.153,1.5966,7.417,-1.359324266,bpj-huc6bp-rcc,2080106
523,20,Oct,North Anna Fall Zone,-12.29088066,-2.097429812,bpj_530_icthy,huc10,208010608,400.778,1.5966,7.417,-1.353655683,bpj-huc6bp-rcc,2080106
623,20,Oct,North Anna Coastal Plain,-12.5664462,-2.101649429,bpj_530_icthy,huc10,208010608,392.308,1.5966,7.417,-1.355412008,bpj-huc6bp-rcc,2080106
223,20,Oct,Craig,-1.783438353,-1.992888162,bpj_530_icthy,huc10,208020112,410.75,1.5692,8.1269,-0.832915478,bpj-huc6bp-rcc,2080201
124,20,Nov,Dunlap,-6.570735089,-4.204032606,bpj_q50,huc10,208020103,193.252,4.4401,0.1947,-1.042961861,bpj-huc6bp-rcc,2080201
324,20,Nov,Plains Mill,-7.961278386,-2.734046467,bpj-huc6bp-rcc,huc8,2070006,314.966,3.339,8.0443,-2.734046467,bpj-huc6bp-rcc,2070006
424,20,Nov,North Anna Piedmont,-3.238072731,-2.459967649,bpj_530_icthy,huc10,208010608,374.153,1.7891,5.6291,-1.473070142,bpj-huc6bp-rcc,2080106
524,20,Nov,North Anna Fall Zone,-11.87076438,-2.441465456,bpj_530_icthy,huc10,208010608,400.778,1.7891,5.6291,-1.466415516,bpj-huc6bp-rcc,2080106
624,20,Nov,North Anna Coastal Plain,-7.24079288,-2.447184753,bpj_530_icthy,huc10,208010608,392.308,1.7891,5.6291,-1.468476855,bpj-huc6bp-rcc,2080106
224,20,Nov,Craig,-0.570085739,-1.96410049,bpj_530_icthy,huc10,208020112,410.75,1.4677,7.8421,-1.007457931,bpj-huc6bp-rcc,2080201
125,20,Dec,Dunlap,-1.517158767,-4.409588768,bpj_q50,huc10,208020103,193.252,4.2362,-0.8624,-1.211796091,bpj-huc6bp-rcc,2080201
325,20,Dec,Plains Mill,2.704883445,-3.284235402,bpj-huc6bp-rcc,huc8,2070006,314.966,3.9481,4.1136,-3.284235402,bpj-huc6bp-rcc,2070006
425,20,Dec,North Anna Piedmont,-0.329526882,-2.78785108,bpj_530_icthy,huc10,208010608,374.153,1.9729,4.1026,-2.094171158,bpj-huc6bp-rcc,2080106
525,20,Dec,North Anna Fall Zone,-6.794722657,-2.764111754,bpj_530_icthy,huc10,208010608,400.778,1.9729,4.1026,-2.08074738,bpj-huc6bp-rcc,2080106
625,20,Dec,North Anna Coastal Plain,2.399106243,-2.771444846,bpj_530_icthy,huc10,208010608,392.308,1.9729,4.1026,-2.084900074,bpj-huc6bp-rcc,2080106
225,20,Dec,Craig,3.259031962,-2.279625048,bpj_530_icthy,huc10,208020112,410.75,1.6135,6.0839,-1.164129728,bpj-huc6bp-rcc,2080201
126,30,MAF,Dunlap,-4.068110502,-6.471920171,bpj_q50,huc10,208020103,193.252,4.1575,1.0274,-1.993402359,bpj-huc6bp-rcc,2080201
326,30,MAF,Plains Mill,0.447619674,-5.052348862,bpj-huc6bp-rcc,huc8,2070006,314.966,4.0593,5.306,-5.052348862,bpj-huc6bp-rcc,2070006
426,30,MAF,North Anna Piedmont,-4.89634779,-4.233685578,bpj_530_icthy,huc10,208010608,374.153,1.8815,4.7038,-3.162616292,bpj-huc6bp-rcc,2080106
526,30,MAF,North Anna Fall Zone,-14.45988547,-4.199419624,bpj_530_icthy,huc10,208010608,400.778,1.8815,4.7038,-3.143455705,bpj-huc6bp-rcc,2080106
626,30,MAF,North Anna Coastal Plain,-10.72512326,-4.210007508,bpj_530_icthy,huc10,208010608,392.308,1.8815,4.7038,-3.14938455,bpj-huc6bp-rcc,2080106
226,30,MAF,Craig,4.439926417,-3.964418771,bpj_530_icthy,huc10,208020112,410.75,1.8595,5.5393,-1.91279829,bpj-huc6bp-rcc,2080201
127,30,Jan,Dunlap,2.748094905,-8.711181173,bpj_q50,huc10,208020103,193.252,4.8636,-5.6882,-2.297393448,bpj-huc6bp-rcc,2080201
327,30,Jan,Plains Mill,15.99931454,-6.064725479,bpj-huc6bp-rcc,huc8,2070006,314.966,4.1741,0.5371,-6.064725479,bpj-huc6bp-rcc,2070006
427,30,Jan,North Anna Piedmont,2.022116122,-4.714538757,bpj_530_icthy,huc10,208010608,374.153,1.9494,3.1985,-3.779446055,bpj-huc6bp-rcc,2080106
527,30,Jan,North Anna Fall Zone,0.276080687,-4.672086088,bpj_530_icthy,huc10,208010608,400.778,1.9494,3.1985,-3.752114822,bpj-huc6bp-rcc,2080106
627,30,Jan,North Anna Coastal Plain,4.715258141,-4.685195269,bpj_530_icthy,huc10,208010608,392.308,1.9494,3.1985,-3.760565008,bpj-huc6bp-rcc,2080106
227,30,Jan,Craig,11.0849469,-4.249151856,bpj_530_icthy,huc10,208020112,410.75,1.8474,4.3895,-2.190986987,bpj-huc6bp-rcc,2080201
128,30,Feb,Dunlap,6.838282819,-12.90357986,bpj_q50,huc10,208020103,193.252,6.2526,-15.6305,-2.666771793,bpj-huc6bp-rcc,2080201
328,30,Feb,Plains Mill,21.46811067,-7.959851451,bpj-huc6bp-rcc,huc8,2070006,314.966,5.2147,-6.6307,-7.959851451,bpj-huc6bp-rcc,2070006
428,30,Feb,North Anna Piedmont,3.994856037,-4.617005439,bpj_530_icthy,huc10,208010608,374.153,1.726,3.1078,-4.354776283,bpj-huc6bp-rcc,2080106
528,30,Feb,North Anna Fall Zone,0.716087757,-4.576283518,bpj_530_icthy,huc10,208010608,400.778,1.726,3.1078,-4.318530558,bpj-huc6bp-rcc,2080106
628,30,Feb,North Anna Coastal Plain,4.887981695,-4.588859872,bpj_530_icthy,huc10,208010608,392.308,1.726,3.1078,-4.329728383,bpj-huc6bp-rcc,2080106
228,30,Feb,Craig,13.33105156,-4.301985698,bpj_530_icthy,huc10,208020112,410.75,1.6937,3.8497,-2.524458053,bpj-huc6bp-rcc,2080201
129,30,Mar,Dunlap,11.83456077,-10.36917921,bpj_q50,huc10,208020103,193.252,4.8394,-8.8282,-2.37929674,bpj-huc6bp-rcc,2080201
329,30,Mar,Plains Mill,43.1613637,-7.92699255,bpj-huc6bp-rcc,huc8,2070006,314.966,5.26,-6.5906,-7.92699255,bpj-huc6bp-rcc,2070006
429,30,Mar,North Anna Piedmont,11.33515487,-5.213800763,bpj_530_icthy,huc10,208010608,374.153,2.0254,1.8559,-4.221274726,bpj-huc6bp-rcc,2080106
529,30,Mar,North Anna Fall Zone,2.357147713,-5.161930135,bpj_530_icthy,huc10,208010608,400.778,2.0254,1.8559,-4.187208567,bpj-huc6bp-rcc,2080106
629,30,Mar,North Anna Coastal Plain,15.5324095,-5.177936986,bpj_530_icthy,huc10,208010608,392.308,2.0254,1.8559,-4.197734889,bpj-huc6bp-rcc,2080106
229,30,Mar,Craig,15.48807502,-4.51023995,bpj_530_icthy,huc10,208020112,410.75,1.8176,3.4355,-2.265356285,bpj-huc6bp-rcc,2080201
130,30,Apr,Dunlap,7.657813509,-7.020486264,bpj_q50,huc10,208020103,193.252,4.1388,-0.7595,-2.256154242,bpj-huc6bp-rcc,2080201
330,30,Apr,Plains Mill,26.67781596,-5.303241358,bpj-huc6bp-rcc,huc8,2070006,314.966,4.0615,3.9524,-5.303241358,bpj-huc6bp-rcc,2070006
430,30,Apr,North Anna Piedmont,3.417486406,-4.41962299,bpj_530_icthy,huc10,208010608,374.153,1.8593,3.9893,-3.282165154,bpj-huc6bp-rcc,2080106
530,30,Apr,North Anna Fall Zone,0.445159858,-4.382294388,bpj_530_icthy,huc10,208010608,400.778,1.8593,3.9893,-3.26153335,bpj-huc6bp-rcc,2080106
630,30,Apr,North Anna Coastal Plain,4.819328024,-4.393825771,bpj_530_icthy,huc10,208010608,392.308,1.8593,3.9893,-3.267916423,bpj-huc6bp-rcc,2080106
230,30,Apr,Craig,15.09847091,-4.141530114,bpj_530_icthy,huc10,208020112,410.75,1.8419,4.7782,-2.153448189,bpj-huc6bp-rcc,2080201
131,30,May,Dunlap,2.319759427,-5.945273711,bpj_q50,huc10,208020103,193.252,3.5732,2.6274,-2.037657222,bpj-huc6bp-rcc,2080201
331,30,May,Plains Mill,20.99323482,-5.211648105,bpj-huc6bp-rcc,huc8,2070006,314.966,4.191,4.5738,-5.211648105,bpj-huc6bp-rcc,2070006
431,30,May,North Anna Piedmont,2.345477216,-4.028872813,bpj_530_icthy,huc10,208010608,374.153,1.6431,4.8115,-3.173144886,bpj-huc6bp-rcc,2080106
531,30,May,North Anna Fall Zone,0.181279087,-3.997829874,bpj_530_icthy,huc10,208010608,400.778,1.6431,4.8115,-3.153856902,bpj-huc6bp-rcc,2080106
631,30,May,North Anna Coastal Plain,4.260279591,-4.00742447,bpj_530_icthy,huc10,208010608,392.308,1.6431,4.8115,-3.159825084,bpj-huc6bp-rcc,2080106
231,30,May,Craig,10.51054931,-4.002431369,bpj_530_icthy,huc10,208020112,410.75,1.8643,5.3943,-1.953510036,bpj-huc6bp-rcc,2080201
132,30,Jun,Dunlap,-4.929236461,-5.935197677,bpj_q50,huc10,208020103,193.252,3.7712,2.8114,-1.923340718,bpj-huc6bp-rcc,2080201
332,30,Jun,Plains Mill,-4.538858871,-4.724587462,bpj-huc6bp-rcc,huc8,2070006,314.966,3.8153,6.8556,-4.724587462,bpj-huc6bp-rcc,2070006
432,30,Jun,North Anna Piedmont,-4.79694152,-3.891958865,bpj_530_icthy,huc10,208010608,374.153,1.7986,5.827,-2.500856327,bpj-huc6bp-rcc,2080106
532,30,Jun,North Anna Fall Zone,-13.28904552,-3.862982366,bpj_530_icthy,huc10,208010608,400.778,1.7986,5.827,-2.488860114,bpj-huc6bp-rcc,2080106
632,30,Jun,North Anna Coastal Plain,-10.99807698,-3.871939898,bpj_530_icthy,huc10,208010608,392.308,1.7986,5.827,-2.492575344,bpj-huc6bp-rcc,2080106
232,30,Jun,Craig,-1.52301437,-3.781593985,bpj_530_icthy,huc10,208020112,410.75,1.8411,6.2853,-1.84819623,bpj-huc6bp-rcc,2080201
133,30,Jul,Dunlap,-15.39031208,-6.021542643,bpj_q50,huc10,208020103,193.252,4.5327,2.9885,-2.153974562,bpj-huc6bp-rcc,2080201
333,30,Jul,Plains Mill,-17.49080868,-4.448284204,bpj-huc6bp-rcc,huc8,2070006,314.966,3.897,8.8298,-4.448284204,bpj-huc6bp-rcc,2070006
433,30,Jul,North Anna Piedmont,-5.233286332,-3.805070866,bpj_530_icthy,huc10,208010608,374.153,1.8523,6.3886,-2.484408917,bpj-huc6bp-rcc,2080106
533,30,Jul,North Anna Fall Zone,-17.43499813,-3.777369121,bpj_530_icthy,huc10,208010608,400.778,1.8523,6.3886,-2.472569602,bpj-huc6bp-rcc,2080106
633,30,Jul,North Anna Coastal Plain,-19.09774995,-3.78593357,bpj_530_icthy,huc10,208010608,392.308,1.8523,6.3886,-2.476236321,bpj-huc6bp-rcc,2080106
233,30,Jul,Craig,-2.54403408,-3.750754771,bpj_530_icthy,huc10,208020112,410.75,2.0194,7.0506,-2.06016742,bpj-huc6bp-rcc,2080201
134,30,Aug,Dunlap,-17.49225898,-5.983465943,bpj_q50,huc10,208020103,193.252,4.8593,3.387,-1.944339229,bpj-huc6bp-rcc,2080201
334,30,Aug,Plains Mill,-16.54491587,-4.263337212,bpj-huc6bp-rcc,huc8,2070006,314.966,3.7322,9.7546,-4.263337212,bpj-huc6bp-rcc,2070006
434,30,Aug,North Anna Piedmont,-5.243474832,-3.540407735,bpj_530_icthy,huc10,208010608,374.153,1.719,7.1334,-2.776922865,bpj-huc6bp-rcc,2080106
534,30,Aug,North Anna Fall Zone,-19.18769825,-3.516413431,bpj_530_icthy,huc10,208010608,400.778,1.719,7.1334,-2.762139802,bpj-huc6bp-rcc,2080106
634,30,Aug,North Anna Coastal Plain,-19.72280428,-3.52383426,bpj_530_icthy,huc10,208010608,392.308,1.719,7.1334,-2.766716448,bpj-huc6bp-rcc,2080106
234,30,Aug,Craig,-3.476461972,-3.576257306,bpj_530_icthy,huc10,208020112,410.75,1.934,7.6498,-1.867577713,bpj-huc6bp-rcc,2080201
135,30,Sep,Dunlap,-18.54583171,-6.271035647,bpj_q50,huc10,208020103,193.252,5.1815,2.1952,-1.893306697,bpj-huc6bp-rcc,2080201
335,30,Sep,Plains Mill,-17.06830077,-4.097323489,bpj-huc6bp-rcc,huc8,2070006,314.966,3.3718,9.9556,-4.097323489,bpj-huc6bp-rcc,2070006
435,30,Sep,North Anna Piedmont,-5.300570406,-3.518948476,bpj_530_icthy,huc10,208010608,374.153,1.7147,7.2209,-2.642479457,bpj-huc6bp-rcc,2080106
535,30,Sep,North Anna Fall Zone,-19.87317281,-3.495243187,bpj_530_icthy,huc10,208010608,400.778,1.7147,7.2209,-2.629089722,bpj-huc6bp-rcc,2080106
635,30,Sep,North Anna Coastal Plain,-20.06124319,-3.502574839,bpj_530_icthy,huc10,208010608,392.308,1.7147,7.2209,-2.63323575,bpj-huc6bp-rcc,2080106
235,30,Sep,Craig,-6.506492437,-3.432364854,bpj_530_icthy,huc10,208020112,410.75,1.7602,7.6983,-1.820446278,bpj-huc6bp-rcc,2080201
136,30,Oct,Dunlap,-17.29468601,-6.68861694,bpj_q50,huc10,208020103,193.252,4.795,0.3288,-1.36989463,bpj-huc6bp-rcc,2080201
336,30,Oct,Plains Mill,-16.70185271,-3.525226223,bpj-huc6bp-rcc,huc8,2070006,314.966,2.5424,11.0984,-3.525226223,bpj-huc6bp-rcc,2070006
436,30,Oct,North Anna Piedmont,-5.271934868,-3.374356621,bpj_530_icthy,huc10,208010608,374.153,1.5966,7.417,-2.172757866,bpj-huc6bp-rcc,2080106
536,30,Oct,North Anna Fall Zone,-19.24469209,-3.352553351,bpj_530_icthy,huc10,208010608,400.778,1.5966,7.417,-2.163697145,bpj-huc6bp-rcc,2080106
636,30,Oct,North Anna Coastal Plain,-19.46662152,-3.35929803,bpj_530_icthy,huc10,208010608,392.308,1.5966,7.417,-2.166504472,bpj-huc6bp-rcc,2080106
236,30,Oct,Craig,-2.532313867,-3.185452903,bpj_530_icthy,huc10,208020112,410.75,1.5692,8.1269,-1.331340653,bpj-huc6bp-rcc,2080201
137,30,Nov,Dunlap,-11.19866553,-6.71976889,bpj_q50,huc10,208020103,193.252,4.4401,0.1947,-1.667080949,bpj-huc6bp-rcc,2080201
337,30,Nov,Plains Mill,-13.50230239,-4.370127949,bpj-huc6bp-rcc,huc8,2070006,314.966,3.339,8.0443,-4.370127949,bpj-huc6bp-rcc,2070006
437,30,Nov,North Anna Piedmont,-5.207554478,-3.932037552,bpj_530_icthy,huc10,208010608,374.153,1.7891,5.6291,-2.354570443,bpj-huc6bp-rcc,2080106
537,30,Nov,North Anna Fall Zone,-18.80517805,-3.902463457,bpj_530_icthy,huc10,208010608,400.778,1.7891,5.6291,-2.343933619,bpj-huc6bp-rcc,2080106
637,30,Nov,North Anna Coastal Plain,-16.38148231,-3.91160524,bpj_530_icthy,huc10,208010608,392.308,1.7891,5.6291,-2.347228485,bpj-huc6bp-rcc,2080106
237,30,Nov,Craig,-2.639667476,-3.139438393,bpj_530_icthy,huc10,208020112,410.75,1.4677,7.8421,-1.610331103,bpj-huc6bp-rcc,2080201
138,30,Dec,Dunlap,-2.168514661,-7.04833197,bpj_q50,huc10,208020103,193.252,4.2362,-0.8624,-1.936947316,bpj-huc6bp-rcc,2080201
338,30,Dec,Plains Mill,4.245013563,-5.249555592,bpj-huc6bp-rcc,huc8,2070006,314.966,3.9481,4.1136,-5.249555592,bpj-huc6bp-rcc,2070006
438,30,Dec,North Anna Piedmont,-0.260721097,-4.456129796,bpj_530_icthy,huc10,208010608,374.153,1.9729,4.1026,-3.347344684,bpj-huc6bp-rcc,2080106
538,30,Dec,North Anna Fall Zone,-11.04073892,-4.418184613,bpj_530_icthy,huc10,208010608,400.778,1.9729,4.1026,-3.32588798,bpj-huc6bp-rcc,2080106
638,30,Dec,North Anna Coastal Plain,3.100325371,-4.429905903,bpj_530_icthy,huc10,208010608,392.308,1.9729,4.1026,-3.332525688,bpj-huc6bp-rcc,2080106
238,30,Dec,Craig,6.192281822,-3.643776087,bpj_530_icthy,huc10,208020112,410.75,1.6135,6.0839,-1.860756912,bpj-huc6bp-rcc,2080201
139,40,MAF,Dunlap,-5.870789932,-9.269007298,bpj_q50,huc10,208020103,193.252,4.1575,1.0274,-2.854927213,bpj-huc6bp-rcc,2080201
339,40,MAF,Plains Mill,1.475798251,-7.235914108,bpj-huc6bp-rcc,huc8,2070006,314.966,4.0593,5.306,-7.235914108,bpj-huc6bp-rcc,2070006
439,40,MAF,North Anna Piedmont,-7.046204684,-6.063434265,bpj_530_icthy,huc10,208010608,374.153,1.8815,4.7038,-4.529461538,bpj-huc6bp-rcc,2080106
539,40,MAF,North Anna Fall Zone,-22.54469192,-6.014358972,bpj_530_icthy,huc10,208010608,400.778,1.8815,4.7038,-4.502019973,bpj-huc6bp-rcc,2080106
639,40,MAF,North Anna Coastal Plain,-16.11155926,-6.029522814,bpj_530_icthy,huc10,208010608,392.308,1.8815,4.7038,-4.510511194,bpj-huc6bp-rcc,2080106
239,40,MAF,Craig,2.878253939,-5.677793538,bpj_530_icthy,huc10,208020112,410.75,1.8595,5.5393,-2.739487021,bpj-huc6bp-rcc,2080201
140,40,Jan,Dunlap,2.561907703,-12.47605034,bpj_q50,huc10,208020103,193.252,4.8636,-5.6882,-3.290299644,bpj-huc6bp-rcc,2080201
340,40,Jan,Plains Mill,17.1846453,-8.68582789,bpj-huc6bp-rcc,huc8,2070006,314.966,4.1741,0.5371,-8.68582789,bpj-huc6bp-rcc,2070006
440,40,Jan,North Anna Piedmont,4.092905966,-6.752106483,bpj_530_icthy,huc10,208010608,374.153,1.9494,3.1985,-5.412877807,bpj-huc6bp-rcc,2080106
540,40,Jan,North Anna Fall Zone,-1.349364009,-6.691306274,bpj_530_icthy,huc10,208010608,400.778,1.9494,3.1985,-5.37373434,bpj-huc6bp-rcc,2080106
640,40,Jan,North Anna Coastal Plain,6.205758558,-6.710081088,bpj_530_icthy,huc10,208010608,392.308,1.9494,3.1985,-5.385836595,bpj-huc6bp-rcc,2080106
240,40,Jan,Craig,18.4174119,-6.085584884,bpj_530_icthy,huc10,208020112,410.75,1.8474,4.3895,-3.137905573,bpj-huc6bp-rcc,2080201
141,40,Feb,Dunlap,6.038123208,-18.48035401,bpj_q50,huc10,208020103,193.252,6.2526,-15.6305,-3.819318929,bpj-huc6bp-rcc,2080201
341,40,Feb,Plains Mill,30.03693049,-11.40000483,bpj-huc6bp-rcc,huc8,2070006,314.966,5.2147,-6.6307,-11.40000483,bpj-huc6bp-rcc,2070006
441,40,Feb,North Anna Piedmont,4.965757076,-6.612420422,bpj_530_icthy,huc10,208010608,374.153,1.726,3.1078,-6.236858936,bpj-huc6bp-rcc,2080106
541,40,Feb,North Anna Fall Zone,0.724953931,-6.554098969,bpj_530_icthy,huc10,208010608,400.778,1.726,3.1078,-6.184948237,bpj-huc6bp-rcc,2080106
641,40,Feb,North Anna Coastal Plain,6.618819406,-6.572110674,bpj_530_icthy,huc10,208010608,392.308,1.726,3.1078,-6.20098563,bpj-huc6bp-rcc,2080106
241,40,Feb,Craig,21.40702525,-6.161252886,bpj_530_icthy,huc10,208020112,410.75,1.6937,3.8497,-3.615498877,bpj-huc6bp-rcc,2080201
142,40,Mar,Dunlap,12.82711201,-14.85061547,bpj_q50,huc10,208020103,193.252,4.8394,-8.8282,-3.407600567,bpj-huc6bp-rcc,2080201
342,40,Mar,Plains Mill,53.60794223,-11.3529447,bpj-huc6bp-rcc,huc8,2070006,314.966,5.26,-6.5906,-11.3529447,bpj-huc6bp-rcc,2070006
442,40,Mar,North Anna Piedmont,5.251216049,-7.467143605,bpj_530_icthy,huc10,208010608,374.153,2.0254,1.8559,-6.045659589,bpj-huc6bp-rcc,2080106
542,40,Mar,North Anna Fall Zone,2.602037631,-7.392855107,bpj_530_icthy,huc10,208010608,400.778,2.0254,1.8559,-5.996870441,bpj-huc6bp-rcc,2080106
642,40,Mar,North Anna Coastal Plain,8.546720609,-7.41577993,bpj_530_icthy,huc10,208010608,392.308,2.0254,1.8559,-6.011946114,bpj-huc6bp-rcc,2080106
242,40,Mar,Craig,23.80327998,-6.459512156,bpj_530_icthy,huc10,208020112,410.75,1.8176,3.4355,-3.2444164,bpj-huc6bp-rcc,2080201
143,40,Apr,Dunlap,5.239296458,-10.05465715,bpj_q50,huc10,208020103,193.252,4.1388,-0.7595,-3.231237342,bpj-huc6bp-rcc,2080201
343,40,Apr,Plains Mill,35.08714514,-7.595239365,bpj-huc6bp-rcc,huc8,2070006,314.966,4.0615,3.9524,-7.595239365,bpj-huc6bp-rcc,2070006
443,40,Apr,North Anna Piedmont,4.735050075,-6.329731619,bpj_530_icthy,huc10,208010608,374.153,1.8593,3.9893,-4.700678,bpj-huc6bp-rcc,2080106
543,40,Apr,North Anna Fall Zone,-0.246754727,-6.276270038,bpj_530_icthy,huc10,208010608,400.778,1.8593,3.9893,-4.671129375,bpj-huc6bp-rcc,2080106
643,40,Apr,North Anna Coastal Plain,6.385347867,-6.292785149,bpj_530_icthy,huc10,208010608,392.308,1.8593,3.9893,-4.680271136,bpj-huc6bp-rcc,2080106
243,40,Apr,Craig,21.50265115,-5.931450301,bpj_530_icthy,huc10,208020112,410.75,1.8419,4.7782,-3.084142952,bpj-huc6bp-rcc,2080201
144,40,May,Dunlap,2.637720256,-8.514750485,bpj_q50,huc10,208020103,193.252,3.5732,2.6274,-2.918308503,bpj-huc6bp-rcc,2080201
344,40,May,Plains Mill,28.53615146,-7.464060595,bpj-huc6bp-rcc,huc8,2070006,314.966,4.191,4.5738,-7.464060595,bpj-huc6bp-rcc,2070006
444,40,May,North Anna Piedmont,4.262787908,-5.770103851,bpj_530_icthy,huc10,208010608,374.153,1.6431,4.8115,-4.544540466,bpj-huc6bp-rcc,2080106
544,40,May,North Anna Fall Zone,-1.869248845,-5.725644523,bpj_530_icthy,huc10,208010608,400.778,1.6431,4.8115,-4.516916444,bpj-huc6bp-rcc,2080106
644,40,May,North Anna Coastal Plain,4.849946828,-5.73938579,bpj_530_icthy,huc10,208010608,392.308,1.6431,4.8115,-4.525464003,bpj-huc6bp-rcc,2080106
244,40,May,Craig,16.26974094,-5.73223473,bpj_530_icthy,huc10,208020112,410.75,1.8643,5.3943,-2.797793901,bpj-huc6bp-rcc,2080201
145,40,Jun,Dunlap,-9.25535717,-8.500319708,bpj_q50,huc10,208020103,193.252,3.7712,2.8114,-2.754585761,bpj-huc6bp-rcc,2080201
345,40,Jun,Plains Mill,-9.528485459,-6.766498119,bpj-huc6bp-rcc,huc8,2070006,314.966,3.8153,6.8556,-6.766498119,bpj-huc6bp-rcc,2070006
445,40,Jun,North Anna Piedmont,-7.066752346,-5.57401732,bpj_530_icthy,huc10,208010608,374.153,1.7986,5.827,-3.581696766,bpj-huc6bp-rcc,2080106
545,40,Jun,North Anna Fall Zone,-21.57706147,-5.532517521,bpj_530_icthy,huc10,208010608,400.778,1.7986,5.827,-3.564515931,bpj-huc6bp-rcc,2080106
645,40,Jun,North Anna Coastal Plain,-16.12966842,-5.545346392,bpj_530_icthy,huc10,208010608,392.308,1.7986,5.827,-3.569836841,bpj-huc6bp-rcc,2080106
245,40,Jun,Craig,-1.990695371,-5.415954047,bpj_530_icthy,huc10,208020112,410.75,1.8411,6.2853,-2.646964717,bpj-huc6bp-rcc,2080201
146,40,Jul,Dunlap,-21.7812069,-8.623981944,bpj_q50,huc10,208020103,193.252,4.5327,2.9885,-3.084896817,bpj-huc6bp-rcc,2080201
346,40,Jul,Plains Mill,-25.41220987,-6.37077987,bpj-huc6bp-rcc,huc8,2070006,314.966,3.897,8.8298,-6.37077987,bpj-huc6bp-rcc,2070006
446,40,Jul,North Anna Piedmont,-7.453286381,-5.449577358,bpj_530_icthy,huc10,208010608,374.153,1.8523,6.3886,-3.55814098,bpj-huc6bp-rcc,2080106
546,40,Jul,North Anna Fall Zone,-24.83076483,-5.409903247,bpj_530_icthy,huc10,208010608,400.778,1.8523,6.3886,-3.541184854,bpj-huc6bp-rcc,2080106
646,40,Jul,North Anna Coastal Plain,-27.77619586,-5.42216915,bpj_530_icthy,huc10,208010608,392.308,1.8523,6.3886,-3.546436286,bpj-huc6bp-rcc,2080106
246,40,Jul,Craig,-3.702618293,-5.371786491,bpj_530_icthy,huc10,208020112,410.75,2.0194,7.0506,-2.95054734,bpj-huc6bp-rcc,2080201
147,40,Aug,Dunlap,-24.39507274,-8.569448946,bpj_q50,huc10,208020103,193.252,4.8593,3.387,-2.78465958,bpj-huc6bp-rcc,2080201
347,40,Aug,Plains Mill,-24.27789339,-6.105900983,bpj-huc6bp-rcc,huc8,2070006,314.966,3.7322,9.7546,-6.105900983,bpj-huc6bp-rcc,2070006
447,40,Aug,North Anna Piedmont,-12.09947087,-5.070529961,bpj_530_icthy,huc10,208010608,374.153,1.719,7.1334,-3.977075986,bpj-huc6bp-rcc,2080106
547,40,Aug,North Anna Fall Zone,-27.24036475,-5.036165603,bpj_530_icthy,huc10,208010608,400.778,1.719,7.1334,-3.955903859,bpj-huc6bp-rcc,2080106
647,40,Aug,North Anna Coastal Plain,-29.92829901,-5.046793627,bpj_530_icthy,huc10,208010608,392.308,1.719,7.1334,-3.962458478,bpj-huc6bp-rcc,2080106
247,40,Aug,Craig,-7.245451096,-5.121873291,bpj_530_icthy,huc10,208020112,410.75,1.934,7.6498,-2.674722647,bpj-huc6bp-rcc,2080201
148,40,Sep,Dunlap,-25.89738119,-8.981302866,bpj_q50,huc10,208020103,193.252,5.1815,2.1952,-2.711571393,bpj-huc6bp-rcc,2080201
348,40,Sep,Plains Mill,-24.58859842,-5.868138098,bpj-huc6bp-rcc,huc8,2070006,314.966,3.3718,9.9556,-5.868138098,bpj-huc6bp-rcc,2070006
448,40,Sep,North Anna Piedmont,-13.99767309,-5.039796265,bpj_530_icthy,huc10,208010608,374.153,1.7147,7.2209,-3.784527733,bpj-huc6bp-rcc,2080106
548,40,Sep,North Anna Fall Zone,-28.69116961,-5.005845831,bpj_530_icthy,huc10,208010608,400.778,1.7147,7.2209,-3.765351114,bpj-huc6bp-rcc,2080106
648,40,Sep,North Anna Coastal Plain,-29.92829901,-5.016346136,bpj_530_icthy,huc10,208010608,392.308,1.7147,7.2209,-3.771289005,bpj-huc6bp-rcc,2080106
248,40,Sep,Craig,-11.30981441,-4.915792228,bpj_530_icthy,huc10,208020112,410.75,1.7602,7.6983,-2.607221565,bpj-huc6bp-rcc,2080201
149,40,Oct,Dunlap,-24.01396082,-9.57935784,bpj_q50,huc10,208020103,193.252,4.795,0.3288,-1.961946839,bpj-huc6bp-rcc,2080201
349,40,Oct,Plains Mill,-24.11218243,-5.048787179,bpj-huc6bp-rcc,huc8,2070006,314.966,2.5424,11.0984,-5.048787179,bpj-huc6bp-rcc,2070006
449,40,Oct,North Anna Piedmont,-12.09947087,-4.832713526,bpj_530_icthy,huc10,208010608,374.153,1.5966,7.417,-3.111798041,bpj-huc6bp-rcc,2080106
549,40,Oct,North Anna Fall Zone,-27.24036475,-4.801487141,bpj_530_icthy,huc10,208010608,400.778,1.5966,7.417,-3.098821384,bpj-huc6bp-rcc,2080106
649,40,Oct,North Anna Coastal Plain,-28.93988768,-4.81114679,bpj_530_icthy,huc10,208010608,392.308,1.5966,7.417,-3.102842006,bpj-huc6bp-rcc,2080106
249,40,Oct,Craig,-6.139331711,-4.562167861,bpj_530_icthy,huc10,208020112,410.75,1.5692,8.1269,-1.906730291,bpj-huc6bp-rcc,2080201
150,40,Nov,Dunlap,-17.12450818,-9.623973293,bpj_q50,huc10,208020103,193.252,4.4401,0.1947,-2.38757356,bpj-huc6bp-rcc,2080201
350,40,Nov,Plains Mill,-20.96172216,-6.258845409,bpj-huc6bp-rcc,huc8,2070006,314.966,3.339,8.0443,-6.258845409,bpj-huc6bp-rcc,2070006
450,40,Nov,North Anna Piedmont,-11.02912501,-5.631417539,bpj_530_icthy,huc10,208010608,374.153,1.7891,5.6291,-3.372187858,bpj-huc6bp-rcc,2080106
550,40,Nov,North Anna Fall Zone,-26.53047511,-5.589061872,bpj_530_icthy,huc10,208010608,400.778,1.7891,5.6291,-3.356953926,bpj-huc6bp-rcc,2080106
650,40,Nov,North Anna Coastal Plain,-26.02976957,-5.602154625,bpj_530_icthy,huc10,208010608,392.308,1.7891,5.6291,-3.361672793,bpj-huc6bp-rcc,2080106
250,40,Nov,Craig,-3.556658793,-4.496266425,bpj_530_icthy,huc10,208020112,410.75,1.4677,7.8421,-2.306297103,bpj-huc6bp-rcc,2080201
151,40,Dec,Dunlap,-3.190773238,-10.09453744,bpj_q50,huc10,208020103,193.252,4.2362,-0.8624,-2.774072969,bpj-huc6bp-rcc,2080201
351,40,Dec,Plains Mill,5.098294881,-7.518351248,bpj-huc6bp-rcc,huc8,2070006,314.966,3.9481,4.1136,-7.518351248,bpj-huc6bp-rcc,2070006
451,40,Dec,North Anna Piedmont,-0.552827486,-6.382016234,bpj_530_icthy,huc10,208010608,374.153,1.9729,4.1026,-4.79402735,bpj-huc6bp-rcc,2080106
551,40,Dec,North Anna Fall Zone,-15.82023374,-6.327671594,bpj_530_icthy,huc10,208010608,400.778,1.9729,4.1026,-4.763297313,bpj-huc6bp-rcc,2080106
651,40,Dec,North Anna Coastal Plain,3.24048683,-6.344458686,bpj_530_icthy,huc10,208010608,392.308,1.9729,4.1026,-4.77280376,bpj-huc6bp-rcc,2080106
251,40,Dec,Craig,10.10714768,-5.218572889,bpj_530_icthy,huc10,208020112,410.75,1.6135,6.0839,-2.664953977,bpj-huc6bp-rcc,2080201
152,50,MAF,Dunlap,-11.26825673,-12.5772592,bpj_q50,huc10,208020103,193.252,4.1575,1.0274,-3.87389484,bpj-huc6bp-rcc,2080201
352,50,MAF,Plains Mill,-0.868503515,-9.81852364,bpj-huc6bp-rcc,huc8,2070006,314.966,4.0593,5.306,-9.81852364,bpj-huc6bp-rcc,2070006
452,50,MAF,North Anna Piedmont,-9.960557658,-8.227567627,bpj_530_icthy,huc10,208010608,374.153,1.8815,4.7038,-6.146096336,bpj-huc6bp-rcc,2080106
552,50,MAF,North Anna Fall Zone,-30.62949837,-8.160976604,bpj_530_icthy,huc10,208010608,400.778,1.8815,4.7038,-6.108860452,bpj-huc6bp-rcc,2080106
652,50,MAF,North Anna Coastal Plain,-34.47804675,-8.181552655,bpj_530_icthy,huc10,208010608,392.308,1.8815,4.7038,-6.120382321,bpj-huc6bp-rcc,2080106
252,50,MAF,Craig,-2.994563818,-7.704285767,bpj_530_icthy,huc10,208020112,410.75,1.8595,5.5393,-3.717252261,bpj-huc6bp-rcc,2080201
153,50,Jan,Dunlap,0.870429751,-16.92894545,bpj_q50,huc10,208020103,193.252,4.8636,-5.6882,-4.464658419,bpj-huc6bp-rcc,2080201
353,50,Jan,Plains Mill,17.08635099,-11.78593405,bpj-huc6bp-rcc,huc8,2070006,314.966,4.1741,0.5371,-11.78593405,bpj-huc6bp-rcc,2070006
453,50,Jan,North Anna Piedmont,4.83393357,-9.162037599,bpj_530_icthy,huc10,208010608,374.153,1.9494,3.1985,-7.34481752,bpj-huc6bp-rcc,2080106
553,50,Jan,North Anna Fall Zone,-3.798970132,-9.079536856,bpj_530_icthy,huc10,208010608,400.778,1.9494,3.1985,-7.291703144,bpj-huc6bp-rcc,2080106
653,50,Jan,North Anna Coastal Plain,6.591622681,-9.105012691,bpj_530_icthy,huc10,208010608,392.308,1.9494,3.1985,-7.308124881,bpj-huc6bp-rcc,2080106
253,50,Jan,Craig,22.91427704,-8.257624144,bpj_530_icthy,huc10,208020112,410.75,1.8474,4.3895,-4.257872549,bpj-huc6bp-rcc,2080201
154,50,Feb,Dunlap,4.294688488,-25.07627785,bpj_q50,huc10,208020103,193.252,6.2526,-15.6305,-5.182492859,bpj-huc6bp-rcc,2080201
354,50,Feb,Plains Mill,33.52919177,-15.46884267,bpj-huc6bp-rcc,huc8,2070006,314.966,5.2147,-6.6307,-15.46884267,bpj-huc6bp-rcc,2070006
454,50,Feb,North Anna Piedmont,5.627794168,-8.972495425,bpj_530_icthy,huc10,208010608,374.153,1.726,3.1078,-8.462890242,bpj-huc6bp-rcc,2080106
554,50,Feb,North Anna Fall Zone,-1.867514266,-8.893358145,bpj_530_icthy,huc10,208010608,400.778,1.726,3.1078,-8.392451814,bpj-huc6bp-rcc,2080106
654,50,Feb,North Anna Coastal Plain,7.749467915,-8.917798506,bpj_530_icthy,huc10,208010608,392.308,1.726,3.1078,-8.414213199,bpj-huc6bp-rcc,2080106
254,50,Feb,Craig,28.31208758,-8.360299225,bpj_530_icthy,huc10,208020112,410.75,1.6937,3.8497,-4.905926282,bpj-huc6bp-rcc,2080201
155,50,Mar,Dunlap,14.18845874,-20.15102955,bpj_q50,huc10,208020103,193.252,4.8394,-8.8282,-4.623825853,bpj-huc6bp-rcc,2080201
355,50,Mar,Plains Mill,65.31941614,-15.40498605,bpj-huc6bp-rcc,huc8,2070006,314.966,5.26,-6.5906,-15.40498605,bpj-huc6bp-rcc,2070006
455,50,Mar,North Anna Piedmont,7.232265313,-10.13228252,bpj_530_icthy,huc10,208010608,374.153,2.0254,1.8559,-8.203448895,bpj-huc6bp-rcc,2080106
555,50,Mar,North Anna Fall Zone,2.806088563,-10.03147931,bpj_530_icthy,huc10,208010608,400.778,2.0254,1.8559,-8.137246146,bpj-huc6bp-rcc,2080106
655,50,Mar,North Anna Coastal Plain,10.43928878,-10.06258635,bpj_530_icthy,huc10,208010608,392.308,2.0254,1.8559,-8.157702559,bpj-huc6bp-rcc,2080106
255,50,Mar,Craig,31.85285419,-8.765011836,bpj_530_icthy,huc10,208020112,410.75,1.8176,3.4355,-4.402398735,bpj-huc6bp-rcc,2080201
156,50,Apr,Dunlap,1.911280115,-13.64331962,bpj_q50,huc10,208020103,193.252,4.1388,-0.7595,-4.384515869,bpj-huc6bp-rcc,2080201
356,50,Apr,Plains Mill,52.43303212,-10.30609763,bpj-huc6bp-rcc,huc8,2070006,314.966,4.0615,3.9524,-10.30609763,bpj-huc6bp-rcc,2070006
456,50,Apr,North Anna Piedmont,5.406895004,-8.588910621,bpj_530_icthy,huc10,208010608,374.153,1.8593,3.9893,-6.378422598,bpj-huc6bp-rcc,2080106
556,50,Apr,North Anna Fall Zone,-2.805906511,-8.516367776,bpj_530_icthy,huc10,208010608,400.778,1.8593,3.9893,-6.338327612,bpj-huc6bp-rcc,2080106
656,50,Apr,North Anna Coastal Plain,7.110428321,-8.538777385,bpj_530_icthy,huc10,208010608,392.308,1.8593,3.9893,-6.350732209,bpj-huc6bp-rcc,2080106
256,50,Apr,Craig,27.59722316,-8.048476548,bpj_530_icthy,huc10,208020112,410.75,1.8419,4.7782,-4.184921218,bpj-huc6bp-rcc,2080201
157,50,May,Dunlap,1.353371695,-11.55379648,bpj_q50,huc10,208020103,193.252,3.5732,2.6274,-3.959897892,bpj-huc6bp-rcc,2080201
357,50,May,Plains Mill,29.26410512,-10.12809913,bpj-huc6bp-rcc,huc8,2070006,314.966,4.191,4.5738,-10.12809913,bpj-huc6bp-rcc,2070006
457,50,May,North Anna Piedmont,4.565104586,-7.829543057,bpj_530_icthy,huc10,208010608,374.153,1.6431,4.8115,-6.166557166,bpj-huc6bp-rcc,2080106
557,50,May,North Anna Fall Zone,-4.491689406,-7.769215508,bpj_530_icthy,huc10,208010608,400.778,1.6431,4.8115,-6.129073704,bpj-huc6bp-rcc,2080106
657,50,May,North Anna Coastal Plain,4.940633424,-7.787861245,bpj_530_icthy,huc10,208010608,392.308,1.6431,4.8115,-6.140672019,bpj-huc6bp-rcc,2080106
257,50,May,Craig,19.49277918,-7.778157861,bpj_530_icthy,huc10,208020112,410.75,1.8643,5.3943,-3.796369767,bpj-huc6bp-rcc,2080201
158,50,Jun,Dunlap,-15.59842324,-11.53421513,bpj_q50,huc10,208020103,193.252,3.7712,2.8114,-3.737739975,bpj-huc6bp-rcc,2080201
358,50,Jun,Plains Mill,-16.01366071,-9.181565833,bpj-huc6bp-rcc,huc8,2070006,314.966,3.8153,6.8556,-9.181565833,bpj-huc6bp-rcc,2070006
458,50,Jun,North Anna Piedmont,-9.367231483,-7.563470214,bpj_530_icthy,huc10,208010608,374.153,1.7986,5.827,-4.860059675,bpj-huc6bp-rcc,2080106
558,50,Jun,North Anna Fall Zone,-29.90157279,-7.507158495,bpj_530_icthy,huc10,208010608,400.778,1.7986,5.827,-4.836746735,bpj-huc6bp-rcc,2080106
658,50,Jun,North Anna Coastal Plain,-28.29821538,-7.524566189,bpj_530_icthy,huc10,208010608,392.308,1.7986,5.827,-4.843966759,bpj-huc6bp-rcc,2080106
258,50,Jun,Craig,-3.171718552,-7.348991717,bpj_530_icthy,huc10,208020112,410.75,1.8411,6.2853,-3.591707317,bpj-huc6bp-rcc,2080201
159,50,Jul,Dunlap,-29.2212363,-11.70201433,bpj_q50,huc10,208020103,193.252,4.5327,2.9885,-4.18594415,bpj-huc6bp-rcc,2080201
359,50,Jul,Plains Mill,-33.97237501,-8.644609627,bpj-huc6bp-rcc,huc8,2070006,314.966,3.897,8.8298,-8.644609627,bpj-huc6bp-rcc,2070006
459,50,Jul,North Anna Piedmont,-17.88067273,-7.394615707,bpj_530_icthy,huc10,208010608,374.153,1.8523,6.3886,-4.828096465,bpj-huc6bp-rcc,2080106
559,50,Jul,North Anna Fall Zone,-34.99412728,-7.340781293,bpj_530_icthy,huc10,208010608,400.778,1.8523,6.3886,-4.805088436,bpj-huc6bp-rcc,2080106
659,50,Jul,North Anna Coastal Plain,-38.22612498,-7.357425086,bpj_530_icthy,huc10,208010608,392.308,1.8523,6.3886,-4.812214185,bpj-huc6bp-rcc,2080106
259,50,Jul,Craig,-6.62715303,-7.289060078,bpj_530_icthy,huc10,208020112,410.75,2.0194,7.0506,-4.003643269,bpj-huc6bp-rcc,2080201
160,50,Aug,Dunlap,-32.46221763,-11.62801766,bpj_q50,huc10,208020103,193.252,4.8593,3.387,-3.778547604,bpj-huc6bp-rcc,2080201
360,50,Aug,Plains Mill,-32.57919674,-8.285191373,bpj-huc6bp-rcc,huc8,2070006,314.966,3.7322,9.7546,-8.285191373,bpj-huc6bp-rcc,2070006
460,50,Aug,North Anna Piedmont,-22.27256717,-6.880280438,bpj_530_icthy,huc10,208010608,374.153,1.719,7.1334,-5.396555847,bpj-huc6bp-rcc,2080106
560,50,Aug,North Anna Fall Zone,-37.80660218,-6.83365091,bpj_530_icthy,huc10,208010608,400.778,1.719,7.1334,-5.367827061,bpj-huc6bp-rcc,2080106
660,50,Aug,North Anna Coastal Plain,-39.93448032,-6.848072239,bpj_530_icthy,huc10,208010608,392.308,1.719,7.1334,-5.376721124,bpj-huc6bp-rcc,2080106
260,50,Aug,Craig,-12.16362501,-6.949948996,bpj_530_icthy,huc10,208020112,410.75,1.934,7.6498,-3.629372481,bpj-huc6bp-rcc,2080201
161,50,Sep,Dunlap,-33.25219917,-12.18686861,bpj_q50,huc10,208020103,193.252,5.1815,2.1952,-3.679373113,bpj-huc6bp-rcc,2080201
361,50,Sep,Plains Mill,-32.92765832,-7.962567241,bpj-huc6bp-rcc,huc8,2070006,314.966,3.3718,9.9556,-7.962567241,bpj-huc6bp-rcc,2070006
461,50,Sep,North Anna Piedmont,-23.82307909,-6.838577411,bpj_530_icthy,huc10,208010608,374.153,1.7147,7.2209,-5.135284148,bpj-huc6bp-rcc,2080106
561,50,Sep,North Anna Fall Zone,-38.9886377,-6.792509542,bpj_530_icthy,huc10,208010608,400.778,1.7147,7.2209,-5.109263096,bpj-huc6bp-rcc,2080106
661,50,Sep,North Anna Coastal Plain,-40.16399695,-6.806757569,bpj_530_icthy,huc10,208010608,392.308,1.7147,7.2209,-5.117320313,bpj-huc6bp-rcc,2080106
261,50,Sep,Craig,-18.62911348,-6.670314418,bpj_530_icthy,huc10,208020112,410.75,1.7602,7.6983,-3.537779221,bpj-huc6bp-rcc,2080201
162,50,Oct,Dunlap,-32.15879593,-12.99837864,bpj_q50,huc10,208020103,193.252,4.795,0.3288,-2.662195975,bpj-huc6bp-rcc,2080201
362,50,Oct,Plains Mill,-31.87381085,-6.850777322,bpj-huc6bp-rcc,huc8,2070006,314.966,2.5424,11.0984,-6.850777322,bpj-huc6bp-rcc,2070006
462,50,Oct,North Anna Piedmont,-22.27256717,-6.557583643,bpj_530_icthy,huc10,208010608,374.153,1.5966,7.417,-4.222446836,bpj-huc6bp-rcc,2080106
562,50,Oct,North Anna Fall Zone,-37.80660218,-6.515212079,bpj_530_icthy,huc10,208010608,400.778,1.5966,7.417,-4.20483861,bpj-huc6bp-rcc,2080106
662,50,Oct,North Anna Coastal Plain,-39.27594383,-6.528319406,bpj_530_icthy,huc10,208010608,392.308,1.5966,7.417,-4.210294253,bpj-huc6bp-rcc,2080106
262,50,Oct,Craig,-10.67964048,-6.190476051,bpj_530_icthy,huc10,208020112,410.75,1.5692,8.1269,-2.587271788,bpj-huc6bp-rcc,2080201
163,50,Nov,Dunlap,-24.99296983,-13.05891804,bpj_q50,huc10,208020103,193.252,4.4401,0.1947,-3.239735449,bpj-huc6bp-rcc,2080201
363,50,Nov,Plains Mill,-28.95099262,-8.492724028,bpj-huc6bp-rcc,huc8,2070006,314.966,3.339,8.0443,-8.492724028,bpj-huc6bp-rcc,2070006
463,50,Nov,North Anna Piedmont,-21.38930471,-7.641357458,bpj_530_icthy,huc10,208010608,374.153,1.7891,5.6291,-4.575773801,bpj-huc6bp-rcc,2080106
563,50,Nov,North Anna Fall Zone,-37.22816606,-7.583884398,bpj_530_icthy,huc10,208010608,400.778,1.7891,5.6291,-4.555102643,bpj-huc6bp-rcc,2080106
663,50,Nov,North Anna Coastal Plain,-35.90086658,-7.601650157,bpj_530_icthy,huc10,208010608,392.308,1.7891,5.6291,-4.561505747,bpj-huc6bp-rcc,2080106
263,50,Nov,Craig,-6.984843687,-6.101053375,bpj_530_icthy,huc10,208020112,410.75,1.4677,7.8421,-3.129450169,bpj-huc6bp-rcc,2080201
164,50,Dec,Dunlap,-5.722853327,-13.6974338,bpj_q50,huc10,208020103,193.252,4.2362,-0.8624,-3.764182468,bpj-huc6bp-rcc,2080201
364,50,Dec,Plains Mill,6.355577097,-10.20176696,bpj-huc6bp-rcc,huc8,2070006,314.966,3.9481,4.1136,-10.20176696,bpj-huc6bp-rcc,2070006
464,50,Dec,North Anna Piedmont,-6.098746699,-8.659856423,bpj_530_icthy,huc10,208010608,374.153,1.9729,4.1026,-6.505089773,bpj-huc6bp-rcc,2080106
564,50,Dec,North Anna Fall Zone,-22.07344817,-8.586115341,bpj_530_icthy,huc10,208010608,400.778,1.9729,4.1026,-6.463391712,bpj-huc6bp-rcc,2080106
664,50,Dec,North Anna Coastal Plain,0.509664748,-8.608894005,bpj_530_icthy,huc10,208010608,392.308,1.9729,4.1026,-6.476291156,bpj-huc6bp-rcc,2080106
264,50,Dec,Craig,11.06795798,-7.081162174,bpj_530_icthy,huc10,208020112,410.75,1.6135,6.0839,-3.616117222,bpj-huc6bp-rcc,2080201
