pctchg,month,ifim_site,hab_chg,custom_taxachg,custom_tag,custom_huc_unit,custom_huc,huc8_taxachg,huc8_tag,huc8
10,MAF,Dunlap,-1.317052407,-1.911782305,bpj_q50,huc10,208020103,-0.588843999,bpj-huc6bp-rcc,2080201
10,MAF,Plains Mill,0.306282252,-1.492445966,bpj-huc6bp-rcc,huc8,2070006,-1.492445966,bpj-huc6bp-rcc,2070006
10,MAF,North Anna Piedmont,-1.361623164,-1.250615731,bpj_530_icthy,huc10,208010608,-0.934225656,bpj-huc6bp-rcc,2080106
10,MAF,North Anna Fall Zone,-4.027877042,-1.240493689,bpj_530_icthy,huc10,208010608,-0.928565686,bpj-huc6bp-rcc,2080106
10,MAF,North Anna Coastal Plain,-2.860632874,-1.243621313,bpj_530_icthy,huc10,208010608,-0.930317046,bpj-huc6bp-rcc,2080106
10,MAF,Craig,1.186810214,-1.171075269,bpj_530_icthy,huc10,208020112,-0.565033843,bpj-huc6bp-rcc,2080201
10,Jan,Dunlap,1.143357724,-2.573252077,bpj_q50,huc10,208020103,-0.678641891,bpj-huc6bp-rcc,2080201
10,Jan,Plains Mill,4.070586696,-2.573252077,bpj-huc6bp-rcc,huc8,2070006,-1.791498435,bpj-huc6bp-rcc,2070006
10,Jan,North Anna Piedmont,1.150363411,-1.791498435,bpj_530_icthy,huc10,208010608,-1.116434984,bpj-huc6bp-rcc,2080106
10,Jan,North Anna Fall Zone,0.050267228,-2.573252077,bpj_530_icthy,huc10,208010608,-1.108361434,bpj-huc6bp-rcc,2080106
10,Jan,North Anna Coastal Plain,1.52364805,-1.791498435,bpj_530_icthy,huc10,208010608,-1.110857589,bpj-huc6bp-rcc,2080106
10,Jan,Craig,2.035527907,-1.791498435,bpj_530_icthy,huc10,208020112,-0.647209799,bpj-huc6bp-rcc,2080201
10,Feb,Dunlap,2.480299916,-3.811671805,bpj_q50,huc10,208020103,-0.787754946,bpj-huc6bp-rcc,2080201
10,Feb,Plains Mill,7.758000472,-3.811671805,bpj-huc6bp-rcc,huc8,2070006,-2.351311937,bpj-huc6bp-rcc,2070006
10,Feb,North Anna Piedmont,1.649898629,-2.351311937,bpj_530_icthy,huc10,208010608,-1.286385496,bpj-huc6bp-rcc,2080106
10,Feb,North Anna Fall Zone,0.466857517,-3.811671805,bpj_530_icthy,huc10,208010608,-1.275678637,bpj-huc6bp-rcc,2080106
10,Feb,North Anna Coastal Plain,6.416517429,-2.351311937,bpj_530_icthy,huc10,208010608,-1.278986435,bpj-huc6bp-rcc,2080106
10,Feb,Craig,2.992672648,-2.351311937,bpj_530_icthy,huc10,208020112,-0.745715971,bpj-huc6bp-rcc,2080201
10,Mar,Dunlap,3.370450585,-3.063018828,bpj_q50,huc10,208020103,-0.702835833,bpj-huc6bp-rcc,2080201
10,Mar,Plains Mill,15.07830162,-3.063018828,bpj-huc6bp-rcc,huc8,2070006,-2.341605534,bpj-huc6bp-rcc,2070006
10,Mar,North Anna Piedmont,5.149910514,-2.341605534,bpj_530_icthy,huc10,208010608,-1.246949609,bpj-huc6bp-rcc,2080106
10,Mar,North Anna Fall Zone,1.287962528,-3.063018828,bpj_530_icthy,huc10,208010608,-1.236886586,bpj-huc6bp-rcc,2080106
10,Mar,North Anna Coastal Plain,8.823978371,-2.341605534,bpj_530_icthy,huc10,208010608,-1.239996024,bpj-huc6bp-rcc,2080106
10,Mar,Craig,3.838929264,-2.341605534,bpj_530_icthy,huc10,208020112,-0.669178226,bpj-huc6bp-rcc,2080201
10,Apr,Dunlap,2.390942094,-2.073826787,bpj_q50,huc10,208020103,-0.666459975,bpj-huc6bp-rcc,2080201
10,Apr,Plains Mill,11.05564331,-2.073826787,bpj-huc6bp-rcc,huc8,2070006,-1.566558721,bpj-huc6bp-rcc,2070006
10,Apr,North Anna Piedmont,1.228803677,-1.566558721,bpj_530_icthy,huc10,208010608,-0.969539966,bpj-huc6bp-rcc,2080106
10,Apr,North Anna Fall Zone,0.221152834,-2.073826787,bpj_530_icthy,huc10,208010608,-0.963445404,bpj-huc6bp-rcc,2080106
10,Apr,North Anna Coastal Plain,6.117000393,-1.566558721,bpj_530_icthy,huc10,208010608,-0.965330941,bpj-huc6bp-rcc,2080106
10,Apr,Craig,2.857112157,-1.566558721,bpj_530_icthy,huc10,208020112,-0.636120971,bpj-huc6bp-rcc,2080201
10,May,Dunlap,1.125565102,-1.756212805,bpj_q50,huc10,208020103,-0.601916729,bpj-huc6bp-rcc,2080201
10,May,Plains Mill,7.042153405,-1.756212805,bpj-huc6bp-rcc,huc8,2070006,-1.539502399,bpj-huc6bp-rcc,2070006
10,May,North Anna Piedmont,0.373432667,-1.539502399,bpj_530_icthy,huc10,208010608,-0.937335765,bpj-huc6bp-rcc,2080106
10,May,North Anna Fall Zone,0.019445486,-1.756212805,bpj_530_icthy,huc10,208010608,-0.931638163,bpj-huc6bp-rcc,2080106
10,May,North Anna Coastal Plain,1.328873933,-1.539502399,bpj_530_icthy,huc10,208010608,-0.933401143,bpj-huc6bp-rcc,2080106
10,May,Craig,2.249946959,-1.539502399,bpj_530_icthy,huc10,208020112,-0.577059948,bpj-huc6bp-rcc,2080201
10,Jun,Dunlap,-1.178369837,-1.753236381,bpj_q50,huc10,208020103,-0.568148039,bpj-huc6bp-rcc,2080201
10,Jun,Plains Mill,-0.990458639,-1.753236381,bpj-huc6bp-rcc,huc8,2070006,-1.395626409,bpj-huc6bp-rcc,2070006
10,Jun,North Anna Piedmont,-1.370267415,-1.395626409,bpj_530_icthy,huc10,208010608,-0.738744105,bpj-huc6bp-rcc,2080106
10,Jun,North Anna Fall Zone,-4.023930057,-1.753236381,bpj_530_icthy,huc10,208010608,-0.735200466,bpj-huc6bp-rcc,2080106
10,Jun,North Anna Coastal Plain,-2.980514492,-1.395626409,bpj_530_icthy,huc10,208010608,-0.736297932,bpj-huc6bp-rcc,2080106
10,Jun,Craig,0.40231794,-1.395626409,bpj_530_icthy,huc10,208020112,-0.545950623,bpj-huc6bp-rcc,2080201
10,Jul,Dunlap,-4.121582195,-1.778742378,bpj_q50,huc10,208020103,-0.63627646,bpj-huc6bp-rcc,2080201
10,Jul,Plains Mill,-4.89970362,-1.314007405,bpj-huc6bp-rcc,huc8,2070006,-1.314007405,bpj-huc6bp-rcc,2070006
10,Jul,North Anna Piedmont,-1.474352683,-1.124004462,bpj_530_icthy,huc10,208010608,-0.733885598,bpj-huc6bp-rcc,2080106
10,Jul,North Anna Fall Zone,-4.226649249,-1.115821465,bpj_530_icthy,huc10,208010608,-0.730388307,bpj-huc6bp-rcc,2080106
10,Jul,North Anna Coastal Plain,-3.448634815,-1.118351373,bpj_530_icthy,huc10,208010608,-0.731471442,bpj-huc6bp-rcc,2080106
10,Jul,Craig,-0.706915522,-1.10795968,bpj_530_icthy,huc10,208020112,-0.608566162,bpj-huc6bp-rcc,2080201
10,Aug,Dunlap,-5.232164248,-1.767494655,bpj_q50,huc10,208020103,-0.574350925,bpj-huc6bp-rcc,2080201
10,Aug,Plains Mill,-4.963407324,-1.259374718,bpj-huc6bp-rcc,huc8,2070006,-1.259374718,bpj-huc6bp-rcc,2070006
10,Aug,North Anna Piedmont,-1.563278009,-1.04582391,bpj_530_icthy,huc10,208010608,-0.820293183,bpj-huc6bp-rcc,2080106
10,Aug,North Anna Fall Zone,-5.228785371,-1.038736078,bpj_530_icthy,huc10,208010608,-0.815926318,bpj-huc6bp-rcc,2080106
10,Aug,North Anna Coastal Plain,-6.207792208,-1.040928164,bpj_530_icthy,huc10,208010608,-0.817278243,bpj-huc6bp-rcc,2080106
10,Aug,Craig,-0.948769848,-1.056413747,bpj_530_icthy,huc10,208020112,-0.551675844,bpj-huc6bp-rcc,2080201
10,Sep,Dunlap,-5.647738227,-1.852441728,bpj_q50,huc10,208020103,-0.559276095,bpj-huc6bp-rcc,2080201
10,Sep,Plains Mill,-5.175744041,-1.210334852,bpj-huc6bp-rcc,huc8,2070006,-1.210334852,bpj-huc6bp-rcc,2070006
10,Sep,North Anna Piedmont,-1.590744577,-1.039484921,bpj_530_icthy,huc10,208010608,-0.780579076,bpj-huc6bp-rcc,2080106
10,Sep,North Anna Fall Zone,-6.272498704,-1.032482463,bpj_530_icthy,huc10,208010608,-0.776623796,bpj-huc6bp-rcc,2080106
10,Sep,North Anna Coastal Plain,-6.126352993,-1.034648207,bpj_530_icthy,huc10,208010608,-0.777848518,bpj-huc6bp-rcc,2080106
10,Sep,Craig,-1.204783714,-1.013908426,bpj_530_icthy,huc10,208020112,-0.537753385,bpj-huc6bp-rcc,2080201
10,Oct,Dunlap,-4.883570322,-1.975793764,bpj_q50,huc10,208020103,-0.404662024,bpj-huc6bp-rcc,2080201
10,Oct,Plains Mill,-4.978973911,-1.975793764,bpj-huc6bp-rcc,huc8,2070006,-1.041339345,bpj-huc6bp-rcc,2070006
10,Oct,North Anna Piedmont,-1.580427004,-1.041339345,bpj_530_icthy,huc10,208010608,-0.641824981,bpj-huc6bp-rcc,2080106
10,Oct,North Anna Fall Zone,-5.389938298,-1.975793764,bpj_530_icthy,huc10,208010608,-0.639148476,bpj-huc6bp-rcc,2080106
10,Oct,North Anna Coastal Plain,-3.877812828,-1.041339345,bpj_530_icthy,huc10,208010608,-0.639977751,bpj-huc6bp-rcc,2080106
10,Oct,Craig,-0.78665544,-1.041339345,bpj_530_icthy,huc10,208020112,-0.393273315,bpj-huc6bp-rcc,2080201
10,Nov,Dunlap,-2.843187162,-1.984995939,bpj_q50,huc10,208020103,-0.49244981,bpj-huc6bp-rcc,2080201
10,Nov,Plains Mill,-3.674906848,-1.984995939,bpj-huc6bp-rcc,huc8,2070006,-1.290920324,bpj-huc6bp-rcc,2070006
10,Nov,North Anna Piedmont,-1.552244672,-1.290920324,bpj_530_icthy,huc10,208010608,-0.695531773,bpj-huc6bp-rcc,2080106
10,Nov,North Anna Fall Zone,-5.228785371,-1.984995939,bpj_530_icthy,huc10,208010608,-0.692389693,bpj-huc6bp-rcc,2080106
10,Nov,North Anna Coastal Plain,-3.124821321,-1.290920324,bpj_530_icthy,huc10,208010608,-0.693362984,bpj-huc6bp-rcc,2080106
10,Nov,Craig,-0.113851792,-1.290920324,bpj_530_icthy,huc10,208020112,-0.475686106,bpj-huc6bp-rcc,2080201
10,Dec,Dunlap,-0.409849199,-2.08205231,bpj_q50,huc10,208020103,-0.572167379,bpj-huc6bp-rcc,2080201
10,Dec,Plains Mill,1.233174526,-2.08205231,bpj-huc6bp-rcc,huc8,2070006,-1.550700136,bpj-huc6bp-rcc,2070006
10,Dec,North Anna Piedmont,-0.672082302,-1.550700136,bpj_530_icthy,huc10,208010608,-0.988793769,bpj-huc6bp-rcc,2080106
10,Dec,North Anna Fall Zone,-2.495275554,-2.08205231,bpj_530_icthy,huc10,208010608,-0.982455534,bpj-huc6bp-rcc,2080106
10,Dec,North Anna Coastal Plain,1.122745649,-1.550700136,bpj_530_icthy,huc10,208010608,-0.98441629,bpj-huc6bp-rcc,2080106
10,Dec,Craig,1.528754576,-1.550700136,bpj_530_icthy,huc10,208020112,-0.549661004,bpj-huc6bp-rcc,2080201
20,MAF,Dunlap,-2.743721725,-4.048973093,bpj_q50,huc10,208020103,-1.247115586,bpj-huc6bp-rcc,2080201
20,MAF,Plains Mill,0.385008638,-3.16085861,bpj-huc6bp-rcc,huc8,2070006,-3.16085861,bpj-huc6bp-rcc,2070006
20,MAF,North Anna Piedmont,-2.89613022,-2.648685172,bpj_530_icthy,huc10,208010608,-1.978601084,bpj-huc6bp-rcc,2080106
20,MAF,North Anna Fall Zone,-8.523436885,-2.62724765,bpj_530_icthy,huc10,208010608,-1.966613807,bpj-huc6bp-rcc,2080106
20,MAF,North Anna Coastal Plain,-6.249642642,-2.633871659,bpj_530_icthy,huc10,208010608,-1.970323021,bpj-huc6bp-rcc,2080106
20,MAF,Craig,2.680337782,-2.480226039,bpj_530_icthy,huc10,208020112,-1.196687939,bpj-huc6bp-rcc,2080201
20,Jan,Dunlap,1.629684956,-5.449903157,bpj_q50,huc10,208020103,-1.437298979,bpj-huc6bp-rcc,2080201
20,Jan,Plains Mill,9.731586743,-5.449903157,bpj-huc6bp-rcc,huc8,2070006,-3.794223295,bpj-huc6bp-rcc,2070006
20,Jan,North Anna Piedmont,0.962155629,-3.794223295,bpj_530_icthy,huc10,208010608,-2.364503111,bpj-huc6bp-rcc,2080106
20,Jan,North Anna Fall Zone,0.134005437,-5.449903157,bpj_530_icthy,huc10,208010608,-2.347404101,bpj-huc6bp-rcc,2080106
20,Jan,North Anna Coastal Plain,3.016356062,-3.794223295,bpj_530_icthy,huc10,208010608,-2.35269072,bpj-huc6bp-rcc,2080106
20,Jan,Craig,5.206282462,-3.794223295,bpj_530_icthy,huc10,208020112,-1.370728798,bpj-huc6bp-rcc,2080201
20,Feb,Dunlap,5.238984291,-8.072758356,bpj_q50,huc10,208020103,-1.668390053,bpj-huc6bp-rcc,2080201
20,Feb,Plains Mill,14.5790478,-8.072758356,bpj-huc6bp-rcc,huc8,2070006,-4.97985505,bpj-huc6bp-rcc,2070006
20,Feb,North Anna Piedmont,3.104361367,-4.97985505,bpj_530_icthy,huc10,208010608,-2.724442133,bpj-huc6bp-rcc,2080106
20,Feb,North Anna Fall Zone,0.619584895,-8.072758356,bpj_530_icthy,huc10,208010608,-2.701766024,bpj-huc6bp-rcc,2080106
20,Feb,North Anna Coastal Plain,4.606749994,-4.97985505,bpj_530_icthy,huc10,208010608,-2.708771625,bpj-huc6bp-rcc,2080106
20,Feb,Craig,6.109133776,-4.97985505,bpj_530_icthy,huc10,208020112,-1.579355502,bpj-huc6bp-rcc,2080201
20,Mar,Dunlap,7.991668393,-6.487182554,bpj_q50,huc10,208020103,-1.488539448,bpj-huc6bp-rcc,2080201
20,Mar,Plains Mill,29.14232555,-6.487182554,bpj-huc6bp-rcc,huc8,2070006,-4.959297811,bpj-huc6bp-rcc,2070006
20,Mar,North Anna Piedmont,9.388202976,-4.959297811,bpj_530_icthy,huc10,208010608,-2.640920674,bpj-huc6bp-rcc,2080106
20,Mar,North Anna Fall Zone,2.049681811,-6.487182554,bpj_530_icthy,huc10,208010608,-2.619608149,bpj-huc6bp-rcc,2080106
20,Mar,North Anna Coastal Plain,18.81193407,-4.959297811,bpj_530_icthy,huc10,208010608,-2.626193644,bpj-huc6bp-rcc,2080106
20,Mar,Craig,8.560172295,-4.959297811,bpj_530_icthy,huc10,208020112,-1.417255838,bpj-huc6bp-rcc,2080201
20,Apr,Dunlap,4.423126413,-4.392167893,bpj_q50,huc10,208020103,-1.411498841,bpj-huc6bp-rcc,2080201
20,Apr,Plains Mill,18.57083102,-4.392167893,bpj-huc6bp-rcc,huc8,2070006,-3.317822376,bpj-huc6bp-rcc,2070006
20,Apr,North Anna Piedmont,1.727688228,-3.317822376,bpj_530_icthy,huc10,208010608,-2.053393435,bpj-huc6bp-rcc,2080106
20,Apr,North Anna Fall Zone,0.306752324,-4.392167893,bpj_530_icthy,huc10,208010608,-2.040485733,bpj-huc6bp-rcc,2080106
20,Apr,North Anna Coastal Plain,3.067717795,-3.317822376,bpj_530_icthy,huc10,208010608,-2.044479121,bpj-huc6bp-rcc,2080106
20,Apr,Craig,8.099115587,-3.317822376,bpj_530_icthy,huc10,208020112,-1.347243715,bpj-huc6bp-rcc,2080201
20,May,Dunlap,1.146196072,-3.719491688,bpj_q50,huc10,208020103,-1.274802384,bpj-huc6bp-rcc,2080201
20,May,Plains Mill,13.53354329,-3.719491688,bpj-huc6bp-rcc,huc8,2070006,-3.260519659,bpj-huc6bp-rcc,2070006
20,May,North Anna Piedmont,1.076214872,-3.260519659,bpj_530_icthy,huc10,208010608,-1.985188,bpj-huc6bp-rcc,2080106
20,May,North Anna Fall Zone,0.10155425,-3.719491688,bpj_530_icthy,huc10,208010608,-1.973121021,bpj-huc6bp-rcc,2080106
20,May,North Anna Coastal Plain,2.96087192,-3.260519659,bpj_530_icthy,huc10,208010608,-1.976854844,bpj-huc6bp-rcc,2080106
20,May,Craig,5.563755047,-3.260519659,bpj_530_icthy,huc10,208020112,-1.222158087,bpj-huc6bp-rcc,2080201
20,Jun,Dunlap,-2.681885213,-3.713187903,bpj_q50,huc10,208020103,-1.203283509,bpj-huc6bp-rcc,2080201
20,Jun,Plains Mill,-1.791363098,-3.713187903,bpj-huc6bp-rcc,huc8,2070006,-2.955803997,bpj-huc6bp-rcc,2070006
20,Jun,North Anna Piedmont,-2.929817371,-2.955803997,bpj_530_icthy,huc10,208010608,-1.564589752,bpj-huc6bp-rcc,2080106
20,Jun,North Anna Fall Zone,-8.498850893,-3.713187903,bpj_530_icthy,huc10,208010608,-1.557084662,bpj-huc6bp-rcc,2080106
20,Jun,North Anna Coastal Plain,-6.472127817,-2.955803997,bpj_530_icthy,huc10,208010608,-1.559408991,bpj-huc6bp-rcc,2080106
20,Jun,Craig,0.360999543,-2.955803997,bpj_530_icthy,huc10,208020112,-1.156271494,bpj-huc6bp-rcc,2080201
20,Jul,Dunlap,-9.282316959,-3.76720718,bpj_q50,huc10,208020103,-1.347573025,bpj-huc6bp-rcc,2080201
20,Jul,Plains Mill,-10.355184,-2.782942708,bpj-huc6bp-rcc,huc8,2070006,-2.782942708,bpj-huc6bp-rcc,2070006
20,Jul,North Anna Piedmont,-3.270278457,-2.380534547,bpj_530_icthy,huc10,208010608,-1.554299897,bpj-huc6bp-rcc,2080106
20,Jul,North Anna Fall Zone,-10.03923142,-2.363203737,bpj_530_icthy,huc10,208010608,-1.546892966,bpj-huc6bp-rcc,2080106
20,Jul,North Anna Coastal Plain,-12.35007405,-2.368561841,bpj_530_icthy,huc10,208010608,-1.549186945,bpj-huc6bp-rcc,2080106
20,Jul,Craig,-1.426000191,-2.346553224,bpj_530_icthy,huc10,208020112,-1.28888525,bpj-huc6bp-rcc,2080201
20,Aug,Dunlap,-11.08182485,-3.743385574,bpj_q50,huc10,208020103,-1.216420632,bpj-huc6bp-rcc,2080201
20,Aug,Plains Mill,-10.41290033,-2.667235874,bpj-huc6bp-rcc,huc8,2070006,-2.667235874,bpj-huc6bp-rcc,2070006
20,Aug,North Anna Piedmont,-3.25857134,-2.214955574,bpj_530_icthy,huc10,208010608,-1.737302943,bpj-huc6bp-rcc,2080106
20,Aug,North Anna Fall Zone,-12.20824181,-2.199944218,bpj_530_icthy,huc10,208010608,-1.728054339,bpj-huc6bp-rcc,2080106
20,Aug,North Anna Coastal Plain,-12.67782225,-2.20458685,bpj_530_icthy,huc10,208010608,-1.730917588,bpj-huc6bp-rcc,2080106
20,Aug,Craig,-1.839494259,-2.23738384,bpj_530_icthy,huc10,208020112,-1.168396968,bpj-huc6bp-rcc,2080201
20,Sep,Dunlap,-11.7579726,-3.923295394,bpj_q50,huc10,208020103,-1.184493577,bpj-huc6bp-rcc,2080201
20,Sep,Plains Mill,-10.85135774,-2.563374102,bpj-huc6bp-rcc,huc8,2070006,-2.563374102,bpj-huc6bp-rcc,2070006
20,Sep,North Anna Piedmont,-3.332826233,-2.201530198,bpj_530_icthy,huc10,208010608,-1.653192242,bpj-huc6bp-rcc,2080106
20,Sep,North Anna Fall Zone,-12.78528285,-2.186699656,bpj_530_icthy,huc10,208010608,-1.644815335,bpj-huc6bp-rcc,2080106
20,Sep,North Anna Coastal Plain,-12.78323158,-2.191286496,bpj_530_icthy,huc10,208010608,-1.647409179,bpj-huc6bp-rcc,2080106
20,Sep,Craig,-3.550524647,-2.147361613,bpj_530_icthy,huc10,208020112,-1.138910525,bpj-huc6bp-rcc,2080201
20,Oct,Dunlap,-10.82973576,-4.184543273,bpj_q50,huc10,208020103,-0.857035679,bpj-huc6bp-rcc,2080201
20,Oct,Plains Mill,-10.4777495,-4.184543273,bpj-huc6bp-rcc,huc8,2070006,-2.205457692,bpj-huc6bp-rcc,2070006
20,Oct,North Anna Piedmont,-3.2743615,-2.205457692,bpj_530_icthy,huc10,208010608,-1.359324266,bpj-huc6bp-rcc,2080106
20,Oct,North Anna Fall Zone,-12.29088066,-4.184543273,bpj_530_icthy,huc10,208010608,-1.353655683,bpj-huc6bp-rcc,2080106
20,Oct,North Anna Coastal Plain,-12.5664462,-2.205457692,bpj_530_icthy,huc10,208010608,-1.355412008,bpj-huc6bp-rcc,2080106
20,Oct,Craig,-1.783438353,-2.205457692,bpj_530_icthy,huc10,208020112,-0.832915478,bpj-huc6bp-rcc,2080201
20,Nov,Dunlap,-6.570735089,-4.204032606,bpj_q50,huc10,208020103,-1.042961861,bpj-huc6bp-rcc,2080201
20,Nov,Plains Mill,-7.961278386,-4.204032606,bpj-huc6bp-rcc,huc8,2070006,-2.734046467,bpj-huc6bp-rcc,2070006
20,Nov,North Anna Piedmont,-3.238072731,-2.734046467,bpj_530_icthy,huc10,208010608,-1.473070142,bpj-huc6bp-rcc,2080106
20,Nov,North Anna Fall Zone,-11.87076438,-4.204032606,bpj_530_icthy,huc10,208010608,-1.466415516,bpj-huc6bp-rcc,2080106
20,Nov,North Anna Coastal Plain,-7.24079288,-2.734046467,bpj_530_icthy,huc10,208010608,-1.468476855,bpj-huc6bp-rcc,2080106
20,Nov,Craig,-0.570085739,-2.734046467,bpj_530_icthy,huc10,208020112,-1.007457931,bpj-huc6bp-rcc,2080201
20,Dec,Dunlap,-1.517158767,-4.409588768,bpj_q50,huc10,208020103,-1.211796091,bpj-huc6bp-rcc,2080201
20,Dec,Plains Mill,2.704883445,-4.409588768,bpj-huc6bp-rcc,huc8,2070006,-3.284235402,bpj-huc6bp-rcc,2070006
20,Dec,North Anna Piedmont,-0.329526882,-3.284235402,bpj_530_icthy,huc10,208010608,-2.094171158,bpj-huc6bp-rcc,2080106
20,Dec,North Anna Fall Zone,-6.794722657,-4.409588768,bpj_530_icthy,huc10,208010608,-2.08074738,bpj-huc6bp-rcc,2080106
20,Dec,North Anna Coastal Plain,2.399106243,-3.284235402,bpj_530_icthy,huc10,208010608,-2.084900074,bpj-huc6bp-rcc,2080106
20,Dec,Craig,3.259031962,-3.284235402,bpj_530_icthy,huc10,208020112,-1.164129728,bpj-huc6bp-rcc,2080201
30,MAF,Dunlap,-4.068110502,-6.471920171,bpj_q50,huc10,208020103,-1.993402359,bpj-huc6bp-rcc,2080201
30,MAF,Plains Mill,0.447619674,-5.052348862,bpj-huc6bp-rcc,huc8,2070006,-5.052348862,bpj-huc6bp-rcc,2070006
30,MAF,North Anna Piedmont,-4.89634779,-4.233685578,bpj_530_icthy,huc10,208010608,-3.162616292,bpj-huc6bp-rcc,2080106
30,MAF,North Anna Fall Zone,-14.45988547,-4.199419624,bpj_530_icthy,huc10,208010608,-3.143455705,bpj-huc6bp-rcc,2080106
30,MAF,North Anna Coastal Plain,-10.72512326,-4.210007508,bpj_530_icthy,huc10,208010608,-3.14938455,bpj-huc6bp-rcc,2080106
30,MAF,Craig,4.439926417,-3.964418771,bpj_530_icthy,huc10,208020112,-1.91279829,bpj-huc6bp-rcc,2080201
30,Jan,Dunlap,2.748094905,-8.711181173,bpj_q50,huc10,208020103,-2.297393448,bpj-huc6bp-rcc,2080201
30,Jan,Plains Mill,15.99931454,-8.711181173,bpj-huc6bp-rcc,huc8,2070006,-6.064725479,bpj-huc6bp-rcc,2070006
30,Jan,North Anna Piedmont,2.022116122,-6.064725479,bpj_530_icthy,huc10,208010608,-3.779446055,bpj-huc6bp-rcc,2080106
30,Jan,North Anna Fall Zone,0.276080687,-8.711181173,bpj_530_icthy,huc10,208010608,-3.752114822,bpj-huc6bp-rcc,2080106
30,Jan,North Anna Coastal Plain,4.715258141,-6.064725479,bpj_530_icthy,huc10,208010608,-3.760565008,bpj-huc6bp-rcc,2080106
30,Jan,Craig,11.0849469,-6.064725479,bpj_530_icthy,huc10,208020112,-2.190986987,bpj-huc6bp-rcc,2080201
30,Feb,Dunlap,6.838282819,-12.90357986,bpj_q50,huc10,208020103,-2.666771793,bpj-huc6bp-rcc,2080201
30,Feb,Plains Mill,21.46811067,-12.90357986,bpj-huc6bp-rcc,huc8,2070006,-7.959851451,bpj-huc6bp-rcc,2070006
30,Feb,North Anna Piedmont,3.994856037,-7.959851451,bpj_530_icthy,huc10,208010608,-4.354776283,bpj-huc6bp-rcc,2080106
30,Feb,North Anna Fall Zone,0.716087757,-12.90357986,bpj_530_icthy,huc10,208010608,-4.318530558,bpj-huc6bp-rcc,2080106
30,Feb,North Anna Coastal Plain,4.887981695,-7.959851451,bpj_530_icthy,huc10,208010608,-4.329728383,bpj-huc6bp-rcc,2080106
30,Feb,Craig,13.33105156,-7.959851451,bpj_530_icthy,huc10,208020112,-2.524458053,bpj-huc6bp-rcc,2080201
30,Mar,Dunlap,11.83456077,-10.36917921,bpj_q50,huc10,208020103,-2.37929674,bpj-huc6bp-rcc,2080201
30,Mar,Plains Mill,43.1613637,-10.36917921,bpj-huc6bp-rcc,huc8,2070006,-7.92699255,bpj-huc6bp-rcc,2070006
30,Mar,North Anna Piedmont,11.33515487,-7.92699255,bpj_530_icthy,huc10,208010608,-4.221274726,bpj-huc6bp-rcc,2080106
30,Mar,North Anna Fall Zone,2.357147713,-10.36917921,bpj_530_icthy,huc10,208010608,-4.187208567,bpj-huc6bp-rcc,2080106
30,Mar,North Anna Coastal Plain,15.5324095,-7.92699255,bpj_530_icthy,huc10,208010608,-4.197734889,bpj-huc6bp-rcc,2080106
30,Mar,Craig,15.48807502,-7.92699255,bpj_530_icthy,huc10,208020112,-2.265356285,bpj-huc6bp-rcc,2080201
30,Apr,Dunlap,7.657813509,-7.020486264,bpj_q50,huc10,208020103,-2.256154242,bpj-huc6bp-rcc,2080201
30,Apr,Plains Mill,26.67781596,-7.020486264,bpj-huc6bp-rcc,huc8,2070006,-5.303241358,bpj-huc6bp-rcc,2070006
30,Apr,North Anna Piedmont,3.417486406,-5.303241358,bpj_530_icthy,huc10,208010608,-3.282165154,bpj-huc6bp-rcc,2080106
30,Apr,North Anna Fall Zone,0.445159858,-7.020486264,bpj_530_icthy,huc10,208010608,-3.26153335,bpj-huc6bp-rcc,2080106
30,Apr,North Anna Coastal Plain,4.819328024,-5.303241358,bpj_530_icthy,huc10,208010608,-3.267916423,bpj-huc6bp-rcc,2080106
30,Apr,Craig,15.09847091,-5.303241358,bpj_530_icthy,huc10,208020112,-2.153448189,bpj-huc6bp-rcc,2080201
30,May,Dunlap,2.319759427,-5.945273711,bpj_q50,huc10,208020103,-2.037657222,bpj-huc6bp-rcc,2080201
30,May,Plains Mill,20.99323482,-5.945273711,bpj-huc6bp-rcc,huc8,2070006,-5.211648105,bpj-huc6bp-rcc,2070006
30,May,North Anna Piedmont,2.345477216,-5.211648105,bpj_530_icthy,huc10,208010608,-3.173144886,bpj-huc6bp-rcc,2080106
30,May,North Anna Fall Zone,0.181279087,-5.945273711,bpj_530_icthy,huc10,208010608,-3.153856902,bpj-huc6bp-rcc,2080106
30,May,North Anna Coastal Plain,4.260279591,-5.211648105,bpj_530_icthy,huc10,208010608,-3.159825084,bpj-huc6bp-rcc,2080106
30,May,Craig,10.51054931,-5.211648105,bpj_530_icthy,huc10,208020112,-1.953510036,bpj-huc6bp-rcc,2080201
30,Jun,Dunlap,-4.929236461,-5.935197677,bpj_q50,huc10,208020103,-1.923340718,bpj-huc6bp-rcc,2080201
30,Jun,Plains Mill,-4.538858871,-5.935197677,bpj-huc6bp-rcc,huc8,2070006,-4.724587462,bpj-huc6bp-rcc,2070006
30,Jun,North Anna Piedmont,-4.79694152,-4.724587462,bpj_530_icthy,huc10,208010608,-2.500856327,bpj-huc6bp-rcc,2080106
30,Jun,North Anna Fall Zone,-13.28904552,-5.935197677,bpj_530_icthy,huc10,208010608,-2.488860114,bpj-huc6bp-rcc,2080106
30,Jun,North Anna Coastal Plain,-10.99807698,-4.724587462,bpj_530_icthy,huc10,208010608,-2.492575344,bpj-huc6bp-rcc,2080106
30,Jun,Craig,-1.52301437,-4.724587462,bpj_530_icthy,huc10,208020112,-1.84819623,bpj-huc6bp-rcc,2080201
30,Jul,Dunlap,-15.39031208,-6.021542643,bpj_q50,huc10,208020103,-2.153974562,bpj-huc6bp-rcc,2080201
30,Jul,Plains Mill,-17.49080868,-4.448284204,bpj-huc6bp-rcc,huc8,2070006,-4.448284204,bpj-huc6bp-rcc,2070006
30,Jul,North Anna Piedmont,-5.233286332,-3.805070866,bpj_530_icthy,huc10,208010608,-2.484408917,bpj-huc6bp-rcc,2080106
30,Jul,North Anna Fall Zone,-17.43499813,-3.777369121,bpj_530_icthy,huc10,208010608,-2.472569602,bpj-huc6bp-rcc,2080106
30,Jul,North Anna Coastal Plain,-19.09774995,-3.78593357,bpj_530_icthy,huc10,208010608,-2.476236321,bpj-huc6bp-rcc,2080106
30,Jul,Craig,-2.54403408,-3.750754771,bpj_530_icthy,huc10,208020112,-2.06016742,bpj-huc6bp-rcc,2080201
30,Aug,Dunlap,-17.49225898,-5.983465943,bpj_q50,huc10,208020103,-1.944339229,bpj-huc6bp-rcc,2080201
30,Aug,Plains Mill,-16.54491587,-4.263337212,bpj-huc6bp-rcc,huc8,2070006,-4.263337212,bpj-huc6bp-rcc,2070006
30,Aug,North Anna Piedmont,-5.243474832,-3.540407735,bpj_530_icthy,huc10,208010608,-2.776922865,bpj-huc6bp-rcc,2080106
30,Aug,North Anna Fall Zone,-19.18769825,-3.516413431,bpj_530_icthy,huc10,208010608,-2.762139802,bpj-huc6bp-rcc,2080106
30,Aug,North Anna Coastal Plain,-19.72280428,-3.52383426,bpj_530_icthy,huc10,208010608,-2.766716448,bpj-huc6bp-rcc,2080106
30,Aug,Craig,-3.476461972,-3.576257306,bpj_530_icthy,huc10,208020112,-1.867577713,bpj-huc6bp-rcc,2080201
30,Sep,Dunlap,-18.54583171,-6.271035647,bpj_q50,huc10,208020103,-1.893306697,bpj-huc6bp-rcc,2080201
30,Sep,Plains Mill,-17.06830077,-4.097323489,bpj-huc6bp-rcc,huc8,2070006,-4.097323489,bpj-huc6bp-rcc,2070006
30,Sep,North Anna Piedmont,-5.300570406,-3.518948476,bpj_530_icthy,huc10,208010608,-2.642479457,bpj-huc6bp-rcc,2080106
30,Sep,North Anna Fall Zone,-19.87317281,-3.495243187,bpj_530_icthy,huc10,208010608,-2.629089722,bpj-huc6bp-rcc,2080106
30,Sep,North Anna Coastal Plain,-20.06124319,-3.502574839,bpj_530_icthy,huc10,208010608,-2.63323575,bpj-huc6bp-rcc,2080106
30,Sep,Craig,-6.506492437,-3.432364854,bpj_530_icthy,huc10,208020112,-1.820446278,bpj-huc6bp-rcc,2080201
30,Oct,Dunlap,-17.29468601,-6.68861694,bpj_q50,huc10,208020103,-1.36989463,bpj-huc6bp-rcc,2080201
30,Oct,Plains Mill,-16.70185271,-6.68861694,bpj-huc6bp-rcc,huc8,2070006,-3.525226223,bpj-huc6bp-rcc,2070006
30,Oct,North Anna Piedmont,-5.271934868,-3.525226223,bpj_530_icthy,huc10,208010608,-2.172757866,bpj-huc6bp-rcc,2080106
30,Oct,North Anna Fall Zone,-19.24469209,-6.68861694,bpj_530_icthy,huc10,208010608,-2.163697145,bpj-huc6bp-rcc,2080106
30,Oct,North Anna Coastal Plain,-19.46662152,-3.525226223,bpj_530_icthy,huc10,208010608,-2.166504472,bpj-huc6bp-rcc,2080106
30,Oct,Craig,-2.532313867,-3.525226223,bpj_530_icthy,huc10,208020112,-1.331340653,bpj-huc6bp-rcc,2080201
30,Nov,Dunlap,-11.19866553,-6.71976889,bpj_q50,huc10,208020103,-1.667080949,bpj-huc6bp-rcc,2080201
30,Nov,Plains Mill,-13.50230239,-6.71976889,bpj-huc6bp-rcc,huc8,2070006,-4.370127949,bpj-huc6bp-rcc,2070006
30,Nov,North Anna Piedmont,-5.207554478,-4.370127949,bpj_530_icthy,huc10,208010608,-2.354570443,bpj-huc6bp-rcc,2080106
30,Nov,North Anna Fall Zone,-18.80517805,-6.71976889,bpj_530_icthy,huc10,208010608,-2.343933619,bpj-huc6bp-rcc,2080106
30,Nov,North Anna Coastal Plain,-16.38148231,-4.370127949,bpj_530_icthy,huc10,208010608,-2.347228485,bpj-huc6bp-rcc,2080106
30,Nov,Craig,-2.639667476,-4.370127949,bpj_530_icthy,huc10,208020112,-1.610331103,bpj-huc6bp-rcc,2080201
30,Dec,Dunlap,-2.168514661,-7.04833197,bpj_q50,huc10,208020103,-1.936947316,bpj-huc6bp-rcc,2080201
30,Dec,Plains Mill,4.245013563,-7.04833197,bpj-huc6bp-rcc,huc8,2070006,-5.249555592,bpj-huc6bp-rcc,2070006
30,Dec,North Anna Piedmont,-0.260721097,-5.249555592,bpj_530_icthy,huc10,208010608,-3.347344684,bpj-huc6bp-rcc,2080106
30,Dec,North Anna Fall Zone,-11.04073892,-7.04833197,bpj_530_icthy,huc10,208010608,-3.32588798,bpj-huc6bp-rcc,2080106
30,Dec,North Anna Coastal Plain,3.100325371,-5.249555592,bpj_530_icthy,huc10,208010608,-3.332525688,bpj-huc6bp-rcc,2080106
30,Dec,Craig,6.192281822,-5.249555592,bpj_530_icthy,huc10,208020112,-1.860756912,bpj-huc6bp-rcc,2080201
40,MAF,Dunlap,-5.870789932,-9.269007298,bpj_q50,huc10,208020103,-2.854927213,bpj-huc6bp-rcc,2080201
40,MAF,Plains Mill,1.475798251,-7.235914108,bpj-huc6bp-rcc,huc8,2070006,-7.235914108,bpj-huc6bp-rcc,2070006
40,MAF,North Anna Piedmont,-7.046204684,-6.063434265,bpj_530_icthy,huc10,208010608,-4.529461538,bpj-huc6bp-rcc,2080106
40,MAF,North Anna Fall Zone,-22.54469192,-6.014358972,bpj_530_icthy,huc10,208010608,-4.502019973,bpj-huc6bp-rcc,2080106
40,MAF,North Anna Coastal Plain,-16.11155926,-6.029522814,bpj_530_icthy,huc10,208010608,-4.510511194,bpj-huc6bp-rcc,2080106
40,MAF,Craig,2.878253939,-5.677793538,bpj_530_icthy,huc10,208020112,-2.739487021,bpj-huc6bp-rcc,2080201
40,Jan,Dunlap,2.561907703,-12.47605034,bpj_q50,huc10,208020103,-3.290299644,bpj-huc6bp-rcc,2080201
40,Jan,Plains Mill,17.1846453,-12.47605034,bpj-huc6bp-rcc,huc8,2070006,-8.68582789,bpj-huc6bp-rcc,2070006
40,Jan,North Anna Piedmont,4.092905966,-8.68582789,bpj_530_icthy,huc10,208010608,-5.412877807,bpj-huc6bp-rcc,2080106
40,Jan,North Anna Fall Zone,-1.349364009,-12.47605034,bpj_530_icthy,huc10,208010608,-5.37373434,bpj-huc6bp-rcc,2080106
40,Jan,North Anna Coastal Plain,6.205758558,-8.68582789,bpj_530_icthy,huc10,208010608,-5.385836595,bpj-huc6bp-rcc,2080106
40,Jan,Craig,18.4174119,-8.68582789,bpj_530_icthy,huc10,208020112,-3.137905573,bpj-huc6bp-rcc,2080201
40,Feb,Dunlap,6.038123208,-18.48035401,bpj_q50,huc10,208020103,-3.819318929,bpj-huc6bp-rcc,2080201
40,Feb,Plains Mill,30.03693049,-18.48035401,bpj-huc6bp-rcc,huc8,2070006,-11.40000483,bpj-huc6bp-rcc,2070006
40,Feb,North Anna Piedmont,4.965757076,-11.40000483,bpj_530_icthy,huc10,208010608,-6.236858936,bpj-huc6bp-rcc,2080106
40,Feb,North Anna Fall Zone,0.724953931,-18.48035401,bpj_530_icthy,huc10,208010608,-6.184948237,bpj-huc6bp-rcc,2080106
40,Feb,North Anna Coastal Plain,6.618819406,-11.40000483,bpj_530_icthy,huc10,208010608,-6.20098563,bpj-huc6bp-rcc,2080106
40,Feb,Craig,21.40702525,-11.40000483,bpj_530_icthy,huc10,208020112,-3.615498877,bpj-huc6bp-rcc,2080201
40,Mar,Dunlap,12.82711201,-14.85061547,bpj_q50,huc10,208020103,-3.407600567,bpj-huc6bp-rcc,2080201
40,Mar,Plains Mill,53.60794223,-14.85061547,bpj-huc6bp-rcc,huc8,2070006,-11.3529447,bpj-huc6bp-rcc,2070006
40,Mar,North Anna Piedmont,5.251216049,-11.3529447,bpj_530_icthy,huc10,208010608,-6.045659589,bpj-huc6bp-rcc,2080106
40,Mar,North Anna Fall Zone,2.602037631,-14.85061547,bpj_530_icthy,huc10,208010608,-5.996870441,bpj-huc6bp-rcc,2080106
40,Mar,North Anna Coastal Plain,8.546720609,-11.3529447,bpj_530_icthy,huc10,208010608,-6.011946114,bpj-huc6bp-rcc,2080106
40,Mar,Craig,23.80327998,-11.3529447,bpj_530_icthy,huc10,208020112,-3.2444164,bpj-huc6bp-rcc,2080201
40,Apr,Dunlap,5.239296458,-10.05465715,bpj_q50,huc10,208020103,-3.231237342,bpj-huc6bp-rcc,2080201
40,Apr,Plains Mill,35.08714514,-10.05465715,bpj-huc6bp-rcc,huc8,2070006,-7.595239365,bpj-huc6bp-rcc,2070006
40,Apr,North Anna Piedmont,4.735050075,-7.595239365,bpj_530_icthy,huc10,208010608,-4.700678,bpj-huc6bp-rcc,2080106
40,Apr,North Anna Fall Zone,-0.246754727,-10.05465715,bpj_530_icthy,huc10,208010608,-4.671129375,bpj-huc6bp-rcc,2080106
40,Apr,North Anna Coastal Plain,6.385347867,-7.595239365,bpj_530_icthy,huc10,208010608,-4.680271136,bpj-huc6bp-rcc,2080106
40,Apr,Craig,21.50265115,-7.595239365,bpj_530_icthy,huc10,208020112,-3.084142952,bpj-huc6bp-rcc,2080201
40,May,Dunlap,2.637720256,-8.514750485,bpj_q50,huc10,208020103,-2.918308503,bpj-huc6bp-rcc,2080201
40,May,Plains Mill,28.53615146,-8.514750485,bpj-huc6bp-rcc,huc8,2070006,-7.464060595,bpj-huc6bp-rcc,2070006
40,May,North Anna Piedmont,4.262787908,-7.464060595,bpj_530_icthy,huc10,208010608,-4.544540466,bpj-huc6bp-rcc,2080106
40,May,North Anna Fall Zone,-1.869248845,-8.514750485,bpj_530_icthy,huc10,208010608,-4.516916444,bpj-huc6bp-rcc,2080106
40,May,North Anna Coastal Plain,4.849946828,-7.464060595,bpj_530_icthy,huc10,208010608,-4.525464003,bpj-huc6bp-rcc,2080106
40,May,Craig,16.26974094,-7.464060595,bpj_530_icthy,huc10,208020112,-2.797793901,bpj-huc6bp-rcc,2080201
40,Jun,Dunlap,-9.25535717,-8.500319708,bpj_q50,huc10,208020103,-2.754585761,bpj-huc6bp-rcc,2080201
40,Jun,Plains Mill,-9.528485459,-8.500319708,bpj-huc6bp-rcc,huc8,2070006,-6.766498119,bpj-huc6bp-rcc,2070006
40,Jun,North Anna Piedmont,-7.066752346,-6.766498119,bpj_530_icthy,huc10,208010608,-3.581696766,bpj-huc6bp-rcc,2080106
40,Jun,North Anna Fall Zone,-21.57706147,-8.500319708,bpj_530_icthy,huc10,208010608,-3.564515931,bpj-huc6bp-rcc,2080106
40,Jun,North Anna Coastal Plain,-16.12966842,-6.766498119,bpj_530_icthy,huc10,208010608,-3.569836841,bpj-huc6bp-rcc,2080106
40,Jun,Craig,-1.990695371,-6.766498119,bpj_530_icthy,huc10,208020112,-2.646964717,bpj-huc6bp-rcc,2080201
40,Jul,Dunlap,-21.7812069,-8.623981944,bpj_q50,huc10,208020103,-3.084896817,bpj-huc6bp-rcc,2080201
40,Jul,Plains Mill,-25.41220987,-6.37077987,bpj-huc6bp-rcc,huc8,2070006,-6.37077987,bpj-huc6bp-rcc,2070006
40,Jul,North Anna Piedmont,-7.453286381,-5.449577358,bpj_530_icthy,huc10,208010608,-3.55814098,bpj-huc6bp-rcc,2080106
40,Jul,North Anna Fall Zone,-24.83076483,-5.409903247,bpj_530_icthy,huc10,208010608,-3.541184854,bpj-huc6bp-rcc,2080106
40,Jul,North Anna Coastal Plain,-27.77619586,-5.42216915,bpj_530_icthy,huc10,208010608,-3.546436286,bpj-huc6bp-rcc,2080106
40,Jul,Craig,-3.702618293,-5.371786491,bpj_530_icthy,huc10,208020112,-2.95054734,bpj-huc6bp-rcc,2080201
40,Aug,Dunlap,-24.39507274,-8.569448946,bpj_q50,huc10,208020103,-2.78465958,bpj-huc6bp-rcc,2080201
40,Aug,Plains Mill,-24.27789339,-6.105900983,bpj-huc6bp-rcc,huc8,2070006,-6.105900983,bpj-huc6bp-rcc,2070006
40,Aug,North Anna Piedmont,-12.09947087,-5.070529961,bpj_530_icthy,huc10,208010608,-3.977075986,bpj-huc6bp-rcc,2080106
40,Aug,North Anna Fall Zone,-27.24036475,-5.036165603,bpj_530_icthy,huc10,208010608,-3.955903859,bpj-huc6bp-rcc,2080106
40,Aug,North Anna Coastal Plain,-29.92829901,-5.046793627,bpj_530_icthy,huc10,208010608,-3.962458478,bpj-huc6bp-rcc,2080106
40,Aug,Craig,-7.245451096,-5.121873291,bpj_530_icthy,huc10,208020112,-2.674722647,bpj-huc6bp-rcc,2080201
40,Sep,Dunlap,-25.89738119,-8.981302866,bpj_q50,huc10,208020103,-2.711571393,bpj-huc6bp-rcc,2080201
40,Sep,Plains Mill,-24.58859842,-5.868138098,bpj-huc6bp-rcc,huc8,2070006,-5.868138098,bpj-huc6bp-rcc,2070006
40,Sep,North Anna Piedmont,-13.99767309,-5.039796265,bpj_530_icthy,huc10,208010608,-3.784527733,bpj-huc6bp-rcc,2080106
40,Sep,North Anna Fall Zone,-28.69116961,-5.005845831,bpj_530_icthy,huc10,208010608,-3.765351114,bpj-huc6bp-rcc,2080106
40,Sep,North Anna Coastal Plain,-29.92829901,-5.016346136,bpj_530_icthy,huc10,208010608,-3.771289005,bpj-huc6bp-rcc,2080106
40,Sep,Craig,-11.30981441,-4.915792228,bpj_530_icthy,huc10,208020112,-2.607221565,bpj-huc6bp-rcc,2080201
40,Oct,Dunlap,-24.01396082,-9.57935784,bpj_q50,huc10,208020103,-1.961946839,bpj-huc6bp-rcc,2080201
40,Oct,Plains Mill,-24.11218243,-9.57935784,bpj-huc6bp-rcc,huc8,2070006,-5.048787179,bpj-huc6bp-rcc,2070006
40,Oct,North Anna Piedmont,-12.09947087,-5.048787179,bpj_530_icthy,huc10,208010608,-3.111798041,bpj-huc6bp-rcc,2080106
40,Oct,North Anna Fall Zone,-27.24036475,-9.57935784,bpj_530_icthy,huc10,208010608,-3.098821384,bpj-huc6bp-rcc,2080106
40,Oct,North Anna Coastal Plain,-28.93988768,-5.048787179,bpj_530_icthy,huc10,208010608,-3.102842006,bpj-huc6bp-rcc,2080106
40,Oct,Craig,-6.139331711,-5.048787179,bpj_530_icthy,huc10,208020112,-1.906730291,bpj-huc6bp-rcc,2080201
40,Nov,Dunlap,-17.12450818,-9.623973293,bpj_q50,huc10,208020103,-2.38757356,bpj-huc6bp-rcc,2080201
40,Nov,Plains Mill,-20.96172216,-9.623973293,bpj-huc6bp-rcc,huc8,2070006,-6.258845409,bpj-huc6bp-rcc,2070006
40,Nov,North Anna Piedmont,-11.02912501,-6.258845409,bpj_530_icthy,huc10,208010608,-3.372187858,bpj-huc6bp-rcc,2080106
40,Nov,North Anna Fall Zone,-26.53047511,-9.623973293,bpj_530_icthy,huc10,208010608,-3.356953926,bpj-huc6bp-rcc,2080106
40,Nov,North Anna Coastal Plain,-26.02976957,-6.258845409,bpj_530_icthy,huc10,208010608,-3.361672793,bpj-huc6bp-rcc,2080106
40,Nov,Craig,-3.556658793,-6.258845409,bpj_530_icthy,huc10,208020112,-2.306297103,bpj-huc6bp-rcc,2080201
40,Dec,Dunlap,-3.190773238,-10.09453744,bpj_q50,huc10,208020103,-2.774072969,bpj-huc6bp-rcc,2080201
40,Dec,Plains Mill,5.098294881,-10.09453744,bpj-huc6bp-rcc,huc8,2070006,-7.518351248,bpj-huc6bp-rcc,2070006
40,Dec,North Anna Piedmont,-0.552827486,-7.518351248,bpj_530_icthy,huc10,208010608,-4.79402735,bpj-huc6bp-rcc,2080106
40,Dec,North Anna Fall Zone,-15.82023374,-10.09453744,bpj_530_icthy,huc10,208010608,-4.763297313,bpj-huc6bp-rcc,2080106
40,Dec,North Anna Coastal Plain,3.24048683,-7.518351248,bpj_530_icthy,huc10,208010608,-4.77280376,bpj-huc6bp-rcc,2080106
40,Dec,Craig,10.10714768,-7.518351248,bpj_530_icthy,huc10,208020112,-2.664953977,bpj-huc6bp-rcc,2080201
50,MAF,Dunlap,-11.26825673,-12.5772592,bpj_q50,huc10,208020103,-3.87389484,bpj-huc6bp-rcc,2080201
50,MAF,Plains Mill,-0.868503515,-9.81852364,bpj-huc6bp-rcc,huc8,2070006,-9.81852364,bpj-huc6bp-rcc,2070006
50,MAF,North Anna Piedmont,-9.960557658,-8.227567627,bpj_530_icthy,huc10,208010608,-6.146096336,bpj-huc6bp-rcc,2080106
50,MAF,North Anna Fall Zone,-30.62949837,-8.160976604,bpj_530_icthy,huc10,208010608,-6.108860452,bpj-huc6bp-rcc,2080106
50,MAF,North Anna Coastal Plain,-34.47804675,-8.181552655,bpj_530_icthy,huc10,208010608,-6.120382321,bpj-huc6bp-rcc,2080106
50,MAF,Craig,-2.994563818,-7.704285767,bpj_530_icthy,huc10,208020112,-3.717252261,bpj-huc6bp-rcc,2080201
50,Jan,Dunlap,0.870429751,-16.92894545,bpj_q50,huc10,208020103,-4.464658419,bpj-huc6bp-rcc,2080201
50,Jan,Plains Mill,17.08635099,-16.92894545,bpj-huc6bp-rcc,huc8,2070006,-11.78593405,bpj-huc6bp-rcc,2070006
50,Jan,North Anna Piedmont,4.83393357,-11.78593405,bpj_530_icthy,huc10,208010608,-7.34481752,bpj-huc6bp-rcc,2080106
50,Jan,North Anna Fall Zone,-3.798970132,-16.92894545,bpj_530_icthy,huc10,208010608,-7.291703144,bpj-huc6bp-rcc,2080106
50,Jan,North Anna Coastal Plain,6.591622681,-11.78593405,bpj_530_icthy,huc10,208010608,-7.308124881,bpj-huc6bp-rcc,2080106
50,Jan,Craig,22.91427704,-11.78593405,bpj_530_icthy,huc10,208020112,-4.257872549,bpj-huc6bp-rcc,2080201
50,Feb,Dunlap,4.294688488,-25.07627785,bpj_q50,huc10,208020103,-5.182492859,bpj-huc6bp-rcc,2080201
50,Feb,Plains Mill,33.52919177,-25.07627785,bpj-huc6bp-rcc,huc8,2070006,-15.46884267,bpj-huc6bp-rcc,2070006
50,Feb,North Anna Piedmont,5.627794168,-15.46884267,bpj_530_icthy,huc10,208010608,-8.462890242,bpj-huc6bp-rcc,2080106
50,Feb,North Anna Fall Zone,-1.867514266,-25.07627785,bpj_530_icthy,huc10,208010608,-8.392451814,bpj-huc6bp-rcc,2080106
50,Feb,North Anna Coastal Plain,7.749467915,-15.46884267,bpj_530_icthy,huc10,208010608,-8.414213199,bpj-huc6bp-rcc,2080106
50,Feb,Craig,28.31208758,-15.46884267,bpj_530_icthy,huc10,208020112,-4.905926282,bpj-huc6bp-rcc,2080201
50,Mar,Dunlap,14.18845874,-20.15102955,bpj_q50,huc10,208020103,-4.623825853,bpj-huc6bp-rcc,2080201
50,Mar,Plains Mill,65.31941614,-20.15102955,bpj-huc6bp-rcc,huc8,2070006,-15.40498605,bpj-huc6bp-rcc,2070006
50,Mar,North Anna Piedmont,7.232265313,-15.40498605,bpj_530_icthy,huc10,208010608,-8.203448895,bpj-huc6bp-rcc,2080106
50,Mar,North Anna Fall Zone,2.806088563,-20.15102955,bpj_530_icthy,huc10,208010608,-8.137246146,bpj-huc6bp-rcc,2080106
50,Mar,North Anna Coastal Plain,10.43928878,-15.40498605,bpj_530_icthy,huc10,208010608,-8.157702559,bpj-huc6bp-rcc,2080106
50,Mar,Craig,31.85285419,-15.40498605,bpj_530_icthy,huc10,208020112,-4.402398735,bpj-huc6bp-rcc,2080201
50,Apr,Dunlap,1.911280115,-13.64331962,bpj_q50,huc10,208020103,-4.384515869,bpj-huc6bp-rcc,2080201
50,Apr,Plains Mill,52.43303212,-13.64331962,bpj-huc6bp-rcc,huc8,2070006,-10.30609763,bpj-huc6bp-rcc,2070006
50,Apr,North Anna Piedmont,5.406895004,-10.30609763,bpj_530_icthy,huc10,208010608,-6.378422598,bpj-huc6bp-rcc,2080106
50,Apr,North Anna Fall Zone,-2.805906511,-13.64331962,bpj_530_icthy,huc10,208010608,-6.338327612,bpj-huc6bp-rcc,2080106
50,Apr,North Anna Coastal Plain,7.110428321,-10.30609763,bpj_530_icthy,huc10,208010608,-6.350732209,bpj-huc6bp-rcc,2080106
50,Apr,Craig,27.59722316,-10.30609763,bpj_530_icthy,huc10,208020112,-4.184921218,bpj-huc6bp-rcc,2080201
50,May,Dunlap,1.353371695,-11.55379648,bpj_q50,huc10,208020103,-3.959897892,bpj-huc6bp-rcc,2080201
50,May,Plains Mill,29.26410512,-11.55379648,bpj-huc6bp-rcc,huc8,2070006,-10.12809913,bpj-huc6bp-rcc,2070006
50,May,North Anna Piedmont,4.565104586,-10.12809913,bpj_530_icthy,huc10,208010608,-6.166557166,bpj-huc6bp-rcc,2080106
50,May,North Anna Fall Zone,-4.491689406,-11.55379648,bpj_530_icthy,huc10,208010608,-6.129073704,bpj-huc6bp-rcc,2080106
50,May,North Anna Coastal Plain,4.940633424,-10.12809913,bpj_530_icthy,huc10,208010608,-6.140672019,bpj-huc6bp-rcc,2080106
50,May,Craig,19.49277918,-10.12809913,bpj_530_icthy,huc10,208020112,-3.796369767,bpj-huc6bp-rcc,2080201
50,Jun,Dunlap,-15.59842324,-11.53421513,bpj_q50,huc10,208020103,-3.737739975,bpj-huc6bp-rcc,2080201
50,Jun,Plains Mill,-16.01366071,-11.53421513,bpj-huc6bp-rcc,huc8,2070006,-9.181565833,bpj-huc6bp-rcc,2070006
50,Jun,North Anna Piedmont,-9.367231483,-9.181565833,bpj_530_icthy,huc10,208010608,-4.860059675,bpj-huc6bp-rcc,2080106
50,Jun,North Anna Fall Zone,-29.90157279,-11.53421513,bpj_530_icthy,huc10,208010608,-4.836746735,bpj-huc6bp-rcc,2080106
50,Jun,North Anna Coastal Plain,-28.29821538,-9.181565833,bpj_530_icthy,huc10,208010608,-4.843966759,bpj-huc6bp-rcc,2080106
50,Jun,Craig,-3.171718552,-9.181565833,bpj_530_icthy,huc10,208020112,-3.591707317,bpj-huc6bp-rcc,2080201
50,Jul,Dunlap,-29.2212363,-11.70201433,bpj_q50,huc10,208020103,-4.18594415,bpj-huc6bp-rcc,2080201
50,Jul,Plains Mill,-33.97237501,-8.644609627,bpj-huc6bp-rcc,huc8,2070006,-8.644609627,bpj-huc6bp-rcc,2070006
50,Jul,North Anna Piedmont,-17.88067273,-7.394615707,bpj_530_icthy,huc10,208010608,-4.828096465,bpj-huc6bp-rcc,2080106
50,Jul,North Anna Fall Zone,-34.99412728,-7.340781293,bpj_530_icthy,huc10,208010608,-4.805088436,bpj-huc6bp-rcc,2080106
50,Jul,North Anna Coastal Plain,-38.22612498,-7.357425086,bpj_530_icthy,huc10,208010608,-4.812214185,bpj-huc6bp-rcc,2080106
50,Jul,Craig,-6.62715303,-7.289060078,bpj_530_icthy,huc10,208020112,-4.003643269,bpj-huc6bp-rcc,2080201
50,Aug,Dunlap,-32.46221763,-11.62801766,bpj_q50,huc10,208020103,-3.778547604,bpj-huc6bp-rcc,2080201
50,Aug,Plains Mill,-32.57919674,-8.285191373,bpj-huc6bp-rcc,huc8,2070006,-8.285191373,bpj-huc6bp-rcc,2070006
50,Aug,North Anna Piedmont,-22.27256717,-6.880280438,bpj_530_icthy,huc10,208010608,-5.396555847,bpj-huc6bp-rcc,2080106
50,Aug,North Anna Fall Zone,-37.80660218,-6.83365091,bpj_530_icthy,huc10,208010608,-5.367827061,bpj-huc6bp-rcc,2080106
50,Aug,North Anna Coastal Plain,-39.93448032,-6.848072239,bpj_530_icthy,huc10,208010608,-5.376721124,bpj-huc6bp-rcc,2080106
50,Aug,Craig,-12.16362501,-6.949948996,bpj_530_icthy,huc10,208020112,-3.629372481,bpj-huc6bp-rcc,2080201
50,Sep,Dunlap,-33.25219917,-12.18686861,bpj_q50,huc10,208020103,-3.679373113,bpj-huc6bp-rcc,2080201
50,Sep,Plains Mill,-32.92765832,-7.962567241,bpj-huc6bp-rcc,huc8,2070006,-7.962567241,bpj-huc6bp-rcc,2070006
50,Sep,North Anna Piedmont,-23.82307909,-6.838577411,bpj_530_icthy,huc10,208010608,-5.135284148,bpj-huc6bp-rcc,2080106
50,Sep,North Anna Fall Zone,-38.9886377,-6.792509542,bpj_530_icthy,huc10,208010608,-5.109263096,bpj-huc6bp-rcc,2080106
50,Sep,North Anna Coastal Plain,-40.16399695,-6.806757569,bpj_530_icthy,huc10,208010608,-5.117320313,bpj-huc6bp-rcc,2080106
50,Sep,Craig,-18.62911348,-6.670314418,bpj_530_icthy,huc10,208020112,-3.537779221,bpj-huc6bp-rcc,2080201
50,Oct,Dunlap,-32.15879593,-12.99837864,bpj_q50,huc10,208020103,-2.662195975,bpj-huc6bp-rcc,2080201
50,Oct,Plains Mill,-31.87381085,-12.99837864,bpj-huc6bp-rcc,huc8,2070006,-6.850777322,bpj-huc6bp-rcc,2070006
50,Oct,North Anna Piedmont,-22.27256717,-6.850777322,bpj_530_icthy,huc10,208010608,-4.222446836,bpj-huc6bp-rcc,2080106
50,Oct,North Anna Fall Zone,-37.80660218,-12.99837864,bpj_530_icthy,huc10,208010608,-4.20483861,bpj-huc6bp-rcc,2080106
50,Oct,North Anna Coastal Plain,-39.27594383,-6.850777322,bpj_530_icthy,huc10,208010608,-4.210294253,bpj-huc6bp-rcc,2080106
50,Oct,Craig,-10.67964048,-6.850777322,bpj_530_icthy,huc10,208020112,-2.587271788,bpj-huc6bp-rcc,2080201
50,Nov,Dunlap,-24.99296983,-13.05891804,bpj_q50,huc10,208020103,-3.239735449,bpj-huc6bp-rcc,2080201
50,Nov,Plains Mill,-28.95099262,-13.05891804,bpj-huc6bp-rcc,huc8,2070006,-8.492724028,bpj-huc6bp-rcc,2070006
50,Nov,North Anna Piedmont,-21.38930471,-8.492724028,bpj_530_icthy,huc10,208010608,-4.575773801,bpj-huc6bp-rcc,2080106
50,Nov,North Anna Fall Zone,-37.22816606,-13.05891804,bpj_530_icthy,huc10,208010608,-4.555102643,bpj-huc6bp-rcc,2080106
50,Nov,North Anna Coastal Plain,-35.90086658,-8.492724028,bpj_530_icthy,huc10,208010608,-4.561505747,bpj-huc6bp-rcc,2080106
50,Nov,Craig,-6.984843687,-8.492724028,bpj_530_icthy,huc10,208020112,-3.129450169,bpj-huc6bp-rcc,2080201
50,Dec,Dunlap,-5.722853327,-13.6974338,bpj_q50,huc10,208020103,-3.764182468,bpj-huc6bp-rcc,2080201
50,Dec,Plains Mill,6.355577097,-13.6974338,bpj-huc6bp-rcc,huc8,2070006,-10.20176696,bpj-huc6bp-rcc,2070006
50,Dec,North Anna Piedmont,-6.098746699,-10.20176696,bpj_530_icthy,huc10,208010608,-6.505089773,bpj-huc6bp-rcc,2080106
50,Dec,North Anna Fall Zone,-22.07344817,-13.6974338,bpj_530_icthy,huc10,208010608,-6.463391712,bpj-huc6bp-rcc,2080106
50,Dec,North Anna Coastal Plain,0.509664748,-10.20176696,bpj_530_icthy,huc10,208010608,-6.476291156,bpj-huc6bp-rcc,2080106
50,Dec,Craig,11.06795798,-10.20176696,bpj_530_icthy,huc10,208020112,-3.616117222,bpj-huc6bp-rcc,2080201
